id,label
300001,0
300002,0
300003,0
300004,0
300005,0
300006,0
300007,0
300008,0
300009,0
300010,0
300011,0
300012,0
300013,0
300014,0
300015,0
300016,0
300017,0
300018,0
300019,0
300020,0
300021,0
300022,0
300023,0
300024,0
300025,0
300026,0
300027,0
300028,0
300029,0
300030,0
300031,0
300032,0
300033,0
300034,0
300035,0
300036,0
300037,0
300038,0
300039,0
300040,0
300041,0
300042,0
300043,0
300044,0
300045,0
300046,0
300047,0
300048,0
300049,0
300050,0
300051,0
300052,0
300053,0
300054,0
300055,0
300056,0
300057,0
300058,0
300059,0
300060,0
300061,0
300062,0
300063,0
300064,0
300065,0
300066,0
300067,0
300068,0
300069,0
300070,0
300071,0
300072,0
300073,0
300074,0
300075,0
300076,0
300077,0
300078,0
300079,0
300080,0
300081,0
300082,0
300083,0
300084,0
300085,0
300086,0
300087,0
300088,0
300089,0
300090,0
300091,0
300092,0
300093,0
300094,0
300095,0
300096,0
300097,0
300098,0
300099,0
300100,0
300101,0
300102,0
300103,0
300104,0
300105,0
300106,0
300107,0
300108,0
300109,0
300110,0
300111,0
300112,0
300113,0
300114,0
300115,0
300116,0
300117,0
300118,0
300119,0
300120,0
300121,0
300122,0
300123,0
300124,0
300125,0
300126,0
300127,0
300128,0
300129,0
300130,0
300131,0
300132,0
300133,0
300134,0
300135,0
300136,0
300137,0
300138,0
300139,0
300140,0
300141,0
300142,0
300143,0
300144,0
300145,0
300146,0
300147,0
300148,0
300149,0
300150,0
300151,0
300152,0
300153,0
300154,0
300155,0
300156,0
300157,0
300158,0
300159,0
300160,0
300161,0
300162,0
300163,0
300164,0
300165,0
300166,0
300167,0
300168,0
300169,0
300170,0
300171,0
300172,0
300173,0
300174,0
300175,0
300176,0
300177,0
300178,0
300179,0
300180,0
300181,0
300182,0
300183,0
300184,0
300185,0
300186,0
300187,0
300188,0
300189,0
300190,0
300191,0
300192,0
300193,0
300194,0
300195,0
300196,0
300197,0
300198,0
300199,0
300200,0
300201,0
300202,0
300203,0
300204,0
300205,0
300206,0
300207,0
300208,0
300209,0
300210,0
300211,0
300212,0
300213,0
300214,0
300215,0
300216,0
300217,0
300218,0
300219,0
300220,0
300221,0
300222,0
300223,0
300224,0
300225,0
300226,0
300227,0
300228,0
300229,0
300230,0
300231,0
300232,0
300233,0
300234,0
300235,0
300236,0
300237,0
300238,0
300239,0
300240,0
300241,0
300242,0
300243,0
300244,0
300245,0
300246,0
300247,0
300248,0
300249,0
300250,0
300251,0
300252,0
300253,0
300254,0
300255,0
300256,0
300257,0
300258,0
300259,0
300260,0
300261,0
300262,0
300263,0
300264,0
300265,0
300266,0
300267,0
300268,0
300269,0
300270,0
300271,0
300272,0
300273,0
300274,0
300275,0
300276,0
300277,0
300278,0
300279,0
300280,0
300281,0
300282,0
300283,0
300284,0
300285,0
300286,0
300287,0
300288,0
300289,0
300290,0
300291,0
300292,0
300293,0
300294,0
300295,0
300296,0
300297,0
300298,0
300299,0
300300,0
300301,0
300302,0
300303,0
300304,0
300305,0
300306,0
300307,0
300308,0
300309,0
300310,0
300311,0
300312,0
300313,0
300314,0
300315,0
300316,0
300317,0
300318,0
300319,0
300320,0
300321,0
300322,0
300323,0
300324,0
300325,0
300326,0
300327,0
300328,0
300329,0
300330,0
300331,0
300332,0
300333,0
300334,0
300335,0
300336,0
300337,0
300338,0
300339,0
300340,0
300341,0
300342,0
300343,0
300344,0
300345,0
300346,0
300347,0
300348,0
300349,0
300350,0
300351,0
300352,0
300353,0
300354,0
300355,0
300356,0
300357,0
300358,0
300359,0
300360,0
300361,0
300362,0
300363,0
300364,0
300365,0
300366,0
300367,0
300368,0
300369,0
300370,0
300371,0
300372,0
300373,0
300374,0
300375,0
300376,0
300377,0
300378,0
300379,0
300380,0
300381,0
300382,0
300383,0
300384,0
300385,0
300386,0
300387,0
300388,0
300389,0
300390,0
300391,0
300392,0
300393,0
300394,0
300395,0
300396,0
300397,0
300398,0
300399,0
300400,0
300401,0
300402,0
300403,0
300404,0
300405,0
300406,0
300407,0
300408,0
300409,0
300410,0
300411,0
300412,0
300413,0
300414,0
300415,0
300416,0
300417,0
300418,0
300419,0
300420,0
300421,0
300422,0
300423,0
300424,0
300425,0
300426,0
300427,0
300428,0
300429,0
300430,0
300431,0
300432,0
300433,0
300434,0
300435,0
300436,0
300437,0
300438,0
300439,0
300440,0
300441,0
300442,0
300443,0
300444,0
300445,0
300446,0
300447,0
300448,0
300449,0
300450,0
300451,0
300452,0
300453,0
300454,0
300455,0
300456,0
300457,0
300458,0
300459,0
300460,0
300461,0
300462,0
300463,0
300464,0
300465,0
300466,0
300467,0
300468,0
300469,0
300470,0
300471,0
300472,0
300473,0
300474,0
300475,0
300476,0
300477,0
300478,0
300479,0
300480,0
300481,0
300482,0
300483,0
300484,0
300485,0
300486,0
300487,0
300488,0
300489,0
300490,0
300491,0
300492,0
300493,0
300494,0
300495,0
300496,0
300497,0
300498,0
300499,0
300500,0
300501,0
300502,0
300503,0
300504,0
300505,0
300506,0
300507,0
300508,0
300509,0
300510,0
300511,0
300512,0
300513,0
300514,0
300515,0
300516,0
300517,0
300518,0
300519,0
300520,0
300521,0
300522,0
300523,0
300524,0
300525,0
300526,0
300527,0
300528,0
300529,0
300530,0
300531,0
300532,0
300533,0
300534,0
300535,0
300536,0
300537,0
300538,0
300539,0
300540,0
300541,0
300542,0
300543,0
300544,0
300545,0
300546,0
300547,0
300548,0
300549,0
300550,0
300551,0
300552,0
300553,0
300554,0
300555,0
300556,0
300557,0
300558,0
300559,0
300560,0
300561,0
300562,0
300563,0
300564,0
300565,0
300566,0
300567,0
300568,0
300569,0
300570,0
300571,0
300572,0
300573,0
300574,0
300575,0
300576,0
300577,0
300578,0
300579,0
300580,0
300581,0
300582,0
300583,0
300584,0
300585,0
300586,0
300587,0
300588,0
300589,0
300590,0
300591,0
300592,0
300593,0
300594,0
300595,0
300596,0
300597,0
300598,0
300599,0
300600,0
300601,0
300602,0
300603,0
300604,0
300605,0
300606,0
300607,0
300608,0
300609,0
300610,0
300611,0
300612,0
300613,0
300614,0
300615,0
300616,0
300617,0
300618,0
300619,0
300620,0
300621,0
300622,0
300623,0
300624,0
300625,0
300626,0
300627,0
300628,0
300629,0
300630,0
300631,0
300632,0
300633,0
300634,0
300635,0
300636,0
300637,0
300638,0
300639,0
300640,0
300641,0
300642,0
300643,0
300644,0
300645,0
300646,0
300647,0
300648,0
300649,0
300650,0
300651,0
300652,0
300653,0
300654,0
300655,0
300656,0
300657,0
300658,0
300659,0
300660,0
300661,0
300662,0
300663,0
300664,0
300665,0
300666,0
300667,0
300668,0
300669,0
300670,0
300671,0
300672,0
300673,0
300674,0
300675,0
300676,0
300677,0
300678,0
300679,0
300680,0
300681,0
300682,0
300683,0
300684,0
300685,0
300686,0
300687,0
300688,0
300689,0
300690,0
300691,0
300692,0
300693,0
300694,0
300695,0
300696,0
300697,0
300698,0
300699,0
300700,0
300701,0
300702,0
300703,0
300704,0
300705,0
300706,0
300707,0
300708,0
300709,0
300710,0
300711,0
300712,0
300713,0
300714,0
300715,0
300716,0
300717,0
300718,0
300719,0
300720,0
300721,0
300722,0
300723,0
300724,0
300725,0
300726,0
300727,0
300728,0
300729,0
300730,0
300731,0
300732,0
300733,0
300734,0
300735,0
300736,0
300737,0
300738,0
300739,0
300740,0
300741,0
300742,0
300743,0
300744,0
300745,0
300746,0
300747,0
300748,0
300749,0
300750,0
300751,0
300752,0
300753,0
300754,0
300755,0
300756,0
300757,0
300758,0
300759,0
300760,0
300761,0
300762,0
300763,0
300764,0
300765,0
300766,0
300767,0
300768,0
300769,0
300770,0
300771,0
300772,0
300773,0
300774,0
300775,0
300776,0
300777,0
300778,0
300779,0
300780,0
300781,0
300782,0
300783,0
300784,0
300785,0
300786,0
300787,0
300788,0
300789,0
300790,0
300791,0
300792,0
300793,0
300794,0
300795,0
300796,0
300797,0
300798,0
300799,0
300800,0
300801,0
300802,0
300803,0
300804,0
300805,0
300806,0
300807,0
300808,0
300809,0
300810,0
300811,0
300812,0
300813,0
300814,0
300815,0
300816,0
300817,0
300818,0
300819,0
300820,0
300821,0
300822,0
300823,0
300824,0
300825,0
300826,0
300827,0
300828,0
300829,0
300830,0
300831,0
300832,0
300833,0
300834,0
300835,0
300836,0
300837,0
300838,0
300839,0
300840,0
300841,0
300842,0
300843,0
300844,0
300845,0
300846,0
300847,0
300848,0
300849,0
300850,0
300851,0
300852,0
300853,0
300854,0
300855,0
300856,0
300857,0
300858,0
300859,0
300860,0
300861,0
300862,0
300863,0
300864,0
300865,0
300866,0
300867,0
300868,0
300869,0
300870,0
300871,0
300872,0
300873,0
300874,0
300875,0
300876,0
300877,0
300878,0
300879,0
300880,0
300881,0
300882,0
300883,0
300884,0
300885,0
300886,0
300887,0
300888,0
300889,0
300890,0
300891,0
300892,0
300893,0
300894,0
300895,0
300896,0
300897,0
300898,0
300899,0
300900,0
300901,0
300902,0
300903,0
300904,0
300905,0
300906,0
300907,0
300908,0
300909,0
300910,0
300911,0
300912,0
300913,0
300914,0
300915,0
300916,0
300917,0
300918,0
300919,0
300920,0
300921,0
300922,0
300923,0
300924,0
300925,0
300926,0
300927,0
300928,0
300929,0
300930,0
300931,0
300932,0
300933,0
300934,0
300935,0
300936,0
300937,0
300938,0
300939,0
300940,0
300941,0
300942,0
300943,0
300944,0
300945,0
300946,0
300947,0
300948,0
300949,0
300950,0
300951,0
300952,0
300953,0
300954,0
300955,0
300956,0
300957,0
300958,0
300959,0
300960,0
300961,0
300962,0
300963,0
300964,0
300965,0
300966,0
300967,0
300968,0
300969,0
300970,0
300971,0
300972,0
300973,0
300974,0
300975,0
300976,0
300977,0
300978,0
300979,0
300980,0
300981,0
300982,0
300983,0
300984,0
300985,0
300986,0
300987,0
300988,0
300989,0
300990,0
300991,0
300992,0
300993,0
300994,0
300995,0
300996,0
300997,0
300998,0
300999,0
301000,0
301001,0
301002,0
301003,0
301004,0
301005,0
301006,0
301007,0
301008,0
301009,0
301010,0
301011,0
301012,0
301013,0
301014,0
301015,0
301016,0
301017,0
301018,0
301019,0
301020,0
301021,0
301022,0
301023,0
301024,0
301025,0
301026,0
301027,0
301028,0
301029,0
301030,0
301031,0
301032,0
301033,0
301034,0
301035,0
301036,0
301037,0
301038,0
301039,0
301040,0
301041,0
301042,0
301043,0
301044,0
301045,0
301046,0
301047,0
301048,0
301049,0
301050,0
301051,0
301052,0
301053,0
301054,0
301055,0
301056,0
301057,0
301058,0
301059,0
301060,0
301061,0
301062,0
301063,0
301064,0
301065,0
301066,0
301067,0
301068,0
301069,0
301070,0
301071,0
301072,0
301073,0
301074,0
301075,0
301076,0
301077,0
301078,0
301079,0
301080,0
301081,0
301082,0
301083,0
301084,0
301085,0
301086,0
301087,0
301088,0
301089,0
301090,0
301091,0
301092,0
301093,0
301094,0
301095,0
301096,0
301097,0
301098,0
301099,0
301100,0
301101,0
301102,0
301103,0
301104,0
301105,0
301106,0
301107,0
301108,0
301109,0
301110,0
301111,0
301112,0
301113,0
301114,0
301115,0
301116,0
301117,0
301118,0
301119,0
301120,0
301121,0
301122,0
301123,0
301124,0
301125,0
301126,0
301127,0
301128,0
301129,0
301130,0
301131,0
301132,0
301133,0
301134,0
301135,0
301136,0
301137,0
301138,0
301139,0
301140,0
301141,0
301142,0
301143,0
301144,0
301145,0
301146,0
301147,0
301148,0
301149,0
301150,0
301151,0
301152,0
301153,0
301154,0
301155,0
301156,0
301157,0
301158,0
301159,0
301160,0
301161,0
301162,0
301163,0
301164,0
301165,0
301166,0
301167,0
301168,0
301169,0
301170,0
301171,0
301172,0
301173,0
301174,0
301175,0
301176,0
301177,0
301178,0
301179,0
301180,0
301181,0
301182,0
301183,0
301184,0
301185,0
301186,0
301187,0
301188,0
301189,0
301190,0
301191,0
301192,0
301193,0
301194,0
301195,0
301196,0
301197,0
301198,0
301199,0
301200,0
301201,0
301202,0
301203,0
301204,0
301205,0
301206,0
301207,0
301208,0
301209,0
301210,0
301211,0
301212,0
301213,0
301214,0
301215,0
301216,0
301217,0
301218,0
301219,0
301220,0
301221,0
301222,0
301223,0
301224,0
301225,0
301226,0
301227,0
301228,0
301229,0
301230,0
301231,0
301232,0
301233,0
301234,0
301235,0
301236,0
301237,0
301238,0
301239,0
301240,0
301241,0
301242,0
301243,0
301244,0
301245,0
301246,0
301247,0
301248,0
301249,0
301250,0
301251,0
301252,0
301253,0
301254,0
301255,0
301256,0
301257,0
301258,0
301259,0
301260,0
301261,0
301262,0
301263,0
301264,0
301265,0
301266,0
301267,0
301268,0
301269,0
301270,0
301271,0
301272,0
301273,0
301274,0
301275,0
301276,0
301277,0
301278,0
301279,0
301280,0
301281,0
301282,0
301283,0
301284,0
301285,0
301286,0
301287,0
301288,0
301289,0
301290,0
301291,0
301292,0
301293,0
301294,0
301295,0
301296,0
301297,0
301298,0
301299,0
301300,0
301301,0
301302,0
301303,0
301304,0
301305,0
301306,0
301307,0
301308,0
301309,0
301310,0
301311,0
301312,0
301313,0
301314,0
301315,0
301316,0
301317,0
301318,0
301319,0
301320,0
301321,0
301322,0
301323,0
301324,0
301325,0
301326,0
301327,0
301328,0
301329,0
301330,0
301331,0
301332,0
301333,0
301334,0
301335,0
301336,0
301337,0
301338,0
301339,0
301340,0
301341,0
301342,0
301343,0
301344,0
301345,0
301346,0
301347,0
301348,0
301349,0
301350,0
301351,0
301352,0
301353,0
301354,0
301355,0
301356,0
301357,0
301358,0
301359,0
301360,0
301361,0
301362,0
301363,0
301364,0
301365,0
301366,0
301367,0
301368,0
301369,0
301370,0
301371,0
301372,0
301373,0
301374,0
301375,0
301376,0
301377,0
301378,0
301379,0
301380,0
301381,0
301382,0
301383,0
301384,0
301385,0
301386,0
301387,0
301388,0
301389,0
301390,0
301391,0
301392,0
301393,0
301394,0
301395,0
301396,0
301397,0
301398,0
301399,0
301400,0
301401,0
301402,0
301403,0
301404,0
301405,0
301406,0
301407,0
301408,0
301409,0
301410,0
301411,0
301412,0
301413,0
301414,0
301415,0
301416,0
301417,0
301418,0
301419,0
301420,0
301421,0
301422,0
301423,0
301424,0
301425,0
301426,0
301427,0
301428,0
301429,0
301430,0
301431,0
301432,0
301433,0
301434,0
301435,0
301436,0
301437,0
301438,0
301439,0
301440,0
301441,0
301442,0
301443,0
301444,0
301445,0
301446,0
301447,0
301448,0
301449,0
301450,0
301451,0
301452,0
301453,0
301454,0
301455,0
301456,0
301457,0
301458,0
301459,0
301460,0
301461,0
301462,0
301463,0
301464,0
301465,0
301466,0
301467,0
301468,0
301469,0
301470,0
301471,0
301472,0
301473,0
301474,0
301475,0
301476,0
301477,0
301478,0
301479,0
301480,0
301481,0
301482,0
301483,0
301484,0
301485,0
301486,0
301487,0
301488,0
301489,0
301490,0
301491,0
301492,0
301493,0
301494,0
301495,0
301496,0
301497,0
301498,0
301499,0
301500,0
301501,0
301502,0
301503,0
301504,0
301505,0
301506,0
301507,0
301508,0
301509,0
301510,0
301511,0
301512,0
301513,0
301514,0
301515,0
301516,0
301517,0
301518,0
301519,0
301520,0
301521,0
301522,0
301523,0
301524,0
301525,0
301526,0
301527,0
301528,0
301529,0
301530,0
301531,0
301532,0
301533,0
301534,0
301535,0
301536,0
301537,0
301538,0
301539,0
301540,0
301541,0
301542,0
301543,0
301544,0
301545,0
301546,0
301547,0
301548,0
301549,0
301550,0
301551,0
301552,0
301553,0
301554,0
301555,0
301556,0
301557,0
301558,0
301559,0
301560,0
301561,0
301562,0
301563,0
301564,0
301565,0
301566,0
301567,0
301568,0
301569,0
301570,0
301571,0
301572,0
301573,0
301574,0
301575,0
301576,0
301577,0
301578,0
301579,0
301580,0
301581,0
301582,0
301583,0
301584,0
301585,0
301586,0
301587,0
301588,0
301589,0
301590,0
301591,0
301592,0
301593,0
301594,0
301595,0
301596,0
301597,0
301598,0
301599,0
301600,0
301601,0
301602,0
301603,0
301604,0
301605,0
301606,0
301607,0
301608,0
301609,0
301610,0
301611,0
301612,0
301613,0
301614,0
301615,0
301616,0
301617,0
301618,0
301619,0
301620,0
301621,0
301622,0
301623,0
301624,0
301625,0
301626,0
301627,0
301628,0
301629,0
301630,0
301631,0
301632,0
301633,0
301634,0
301635,0
301636,0
301637,0
301638,0
301639,0
301640,0
301641,0
301642,0
301643,0
301644,0
301645,0
301646,0
301647,0
301648,0
301649,0
301650,0
301651,0
301652,0
301653,0
301654,0
301655,0
301656,0
301657,0
301658,0
301659,0
301660,0
301661,0
301662,0
301663,0
301664,0
301665,0
301666,0
301667,0
301668,0
301669,0
301670,0
301671,0
301672,0
301673,0
301674,0
301675,0
301676,0
301677,0
301678,0
301679,0
301680,0
301681,0
301682,0
301683,0
301684,0
301685,0
301686,0
301687,0
301688,0
301689,0
301690,0
301691,0
301692,0
301693,0
301694,0
301695,0
301696,0
301697,0
301698,0
301699,0
301700,0
301701,0
301702,0
301703,0
301704,0
301705,0
301706,0
301707,0
301708,0
301709,0
301710,0
301711,0
301712,0
301713,0
301714,0
301715,0
301716,0
301717,0
301718,0
301719,0
301720,0
301721,0
301722,0
301723,0
301724,0
301725,0
301726,0
301727,0
301728,0
301729,0
301730,0
301731,0
301732,0
301733,0
301734,0
301735,0
301736,0
301737,0
301738,0
301739,0
301740,0
301741,0
301742,0
301743,0
301744,0
301745,0
301746,0
301747,0
301748,0
301749,0
301750,0
301751,0
301752,0
301753,0
301754,0
301755,0
301756,0
301757,0
301758,0
301759,0
301760,0
301761,0
301762,0
301763,0
301764,0
301765,0
301766,0
301767,0
301768,0
301769,0
301770,0
301771,0
301772,0
301773,0
301774,0
301775,0
301776,0
301777,0
301778,0
301779,0
301780,0
301781,0
301782,0
301783,0
301784,0
301785,0
301786,0
301787,0
301788,0
301789,0
301790,0
301791,0
301792,0
301793,0
301794,0
301795,0
301796,0
301797,0
301798,0
301799,0
301800,0
301801,0
301802,0
301803,0
301804,0
301805,0
301806,0
301807,0
301808,0
301809,0
301810,0
301811,0
301812,0
301813,0
301814,0
301815,0
301816,0
301817,0
301818,0
301819,0
301820,0
301821,0
301822,0
301823,0
301824,0
301825,0
301826,0
301827,0
301828,0
301829,0
301830,0
301831,0
301832,0
301833,0
301834,0
301835,0
301836,0
301837,0
301838,0
301839,0
301840,0
301841,0
301842,0
301843,0
301844,0
301845,0
301846,0
301847,0
301848,0
301849,0
301850,0
301851,0
301852,0
301853,0
301854,0
301855,0
301856,0
301857,0
301858,0
301859,0
301860,0
301861,0
301862,0
301863,0
301864,0
301865,0
301866,0
301867,0
301868,0
301869,0
301870,0
301871,0
301872,0
301873,0
301874,0
301875,0
301876,0
301877,0
301878,0
301879,0
301880,0
301881,0
301882,0
301883,0
301884,0
301885,0
301886,0
301887,0
301888,0
301889,0
301890,0
301891,0
301892,0
301893,0
301894,0
301895,0
301896,0
301897,0
301898,0
301899,0
301900,0
301901,0
301902,0
301903,0
301904,0
301905,0
301906,0
301907,0
301908,0
301909,0
301910,0
301911,0
301912,0
301913,0
301914,0
301915,0
301916,0
301917,0
301918,0
301919,0
301920,0
301921,0
301922,0
301923,0
301924,0
301925,0
301926,0
301927,0
301928,0
301929,0
301930,0
301931,0
301932,0
301933,0
301934,0
301935,0
301936,0
301937,0
301938,0
301939,0
301940,0
301941,0
301942,0
301943,0
301944,0
301945,0
301946,0
301947,0
301948,0
301949,0
301950,0
301951,0
301952,0
301953,0
301954,0
301955,0
301956,0
301957,0
301958,0
301959,0
301960,0
301961,0
301962,0
301963,0
301964,0
301965,0
301966,0
301967,0
301968,0
301969,0
301970,0
301971,0
301972,0
301973,0
301974,0
301975,0
301976,0
301977,0
301978,0
301979,0
301980,0
301981,0
301982,0
301983,0
301984,0
301985,0
301986,0
301987,0
301988,0
301989,0
301990,0
301991,0
301992,0
301993,0
301994,0
301995,0
301996,0
301997,0
301998,0
301999,0
302000,0
302001,0
302002,0
302003,0
302004,0
302005,0
302006,0
302007,0
302008,0
302009,0
302010,0
302011,0
302012,0
302013,0
302014,0
302015,0
302016,0
302017,0
302018,0
302019,0
302020,0
302021,0
302022,0
302023,0
302024,0
302025,0
302026,0
302027,0
302028,0
302029,0
302030,0
302031,0
302032,0
302033,0
302034,0
302035,0
302036,0
302037,0
302038,0
302039,0
302040,0
302041,0
302042,0
302043,0
302044,0
302045,0
302046,0
302047,0
302048,0
302049,0
302050,0
302051,0
302052,0
302053,0
302054,0
302055,0
302056,0
302057,0
302058,0
302059,0
302060,0
302061,0
302062,0
302063,0
302064,0
302065,0
302066,0
302067,0
302068,0
302069,0
302070,0
302071,0
302072,0
302073,0
302074,0
302075,0
302076,0
302077,0
302078,0
302079,0
302080,0
302081,0
302082,0
302083,0
302084,0
302085,0
302086,0
302087,0
302088,0
302089,0
302090,0
302091,0
302092,0
302093,0
302094,0
302095,0
302096,0
302097,0
302098,0
302099,0
302100,0
302101,0
302102,0
302103,0
302104,0
302105,0
302106,0
302107,0
302108,0
302109,0
302110,0
302111,0
302112,0
302113,0
302114,0
302115,0
302116,0
302117,0
302118,0
302119,0
302120,0
302121,0
302122,0
302123,0
302124,0
302125,0
302126,0
302127,0
302128,0
302129,0
302130,0
302131,0
302132,0
302133,0
302134,0
302135,0
302136,0
302137,0
302138,0
302139,0
302140,0
302141,0
302142,0
302143,0
302144,0
302145,0
302146,0
302147,0
302148,0
302149,0
302150,0
302151,0
302152,0
302153,0
302154,0
302155,0
302156,0
302157,0
302158,0
302159,0
302160,0
302161,0
302162,0
302163,0
302164,0
302165,0
302166,0
302167,0
302168,0
302169,0
302170,0
302171,0
302172,0
302173,0
302174,0
302175,0
302176,0
302177,0
302178,0
302179,0
302180,0
302181,0
302182,0
302183,0
302184,0
302185,0
302186,0
302187,0
302188,0
302189,0
302190,0
302191,0
302192,0
302193,0
302194,0
302195,0
302196,0
302197,0
302198,0
302199,0
302200,0
302201,0
302202,0
302203,0
302204,0
302205,0
302206,0
302207,0
302208,0
302209,0
302210,0
302211,0
302212,0
302213,0
302214,0
302215,0
302216,0
302217,0
302218,0
302219,0
302220,0
302221,0
302222,0
302223,0
302224,0
302225,0
302226,0
302227,0
302228,0
302229,0
302230,0
302231,0
302232,0
302233,0
302234,0
302235,0
302236,0
302237,0
302238,0
302239,0
302240,0
302241,0
302242,0
302243,0
302244,0
302245,0
302246,0
302247,0
302248,0
302249,0
302250,0
302251,0
302252,0
302253,0
302254,0
302255,0
302256,0
302257,0
302258,0
302259,0
302260,0
302261,0
302262,0
302263,0
302264,0
302265,0
302266,0
302267,0
302268,0
302269,0
302270,0
302271,0
302272,0
302273,0
302274,0
302275,0
302276,0
302277,0
302278,0
302279,0
302280,0
302281,0
302282,0
302283,0
302284,0
302285,0
302286,0
302287,0
302288,0
302289,0
302290,0
302291,0
302292,0
302293,0
302294,0
302295,0
302296,0
302297,0
302298,0
302299,0
302300,0
302301,0
302302,0
302303,0
302304,0
302305,0
302306,0
302307,0
302308,0
302309,0
302310,0
302311,0
302312,0
302313,0
302314,0
302315,0
302316,0
302317,0
302318,0
302319,0
302320,0
302321,0
302322,0
302323,0
302324,0
302325,0
302326,0
302327,0
302328,0
302329,0
302330,0
302331,0
302332,0
302333,0
302334,0
302335,0
302336,0
302337,0
302338,0
302339,0
302340,0
302341,0
302342,0
302343,0
302344,0
302345,0
302346,0
302347,0
302348,0
302349,0
302350,0
302351,0
302352,0
302353,0
302354,0
302355,0
302356,0
302357,0
302358,0
302359,0
302360,0
302361,0
302362,0
302363,0
302364,0
302365,0
302366,0
302367,0
302368,0
302369,0
302370,0
302371,0
302372,0
302373,0
302374,0
302375,0
302376,0
302377,0
302378,0
302379,0
302380,0
302381,0
302382,0
302383,0
302384,0
302385,0
302386,0
302387,0
302388,0
302389,0
302390,0
302391,0
302392,0
302393,0
302394,0
302395,0
302396,0
302397,0
302398,0
302399,0
302400,0
302401,0
302402,0
302403,0
302404,0
302405,0
302406,0
302407,0
302408,0
302409,0
302410,0
302411,0
302412,0
302413,0
302414,0
302415,0
302416,0
302417,0
302418,0
302419,0
302420,0
302421,0
302422,0
302423,0
302424,0
302425,0
302426,0
302427,0
302428,0
302429,0
302430,0
302431,0
302432,0
302433,0
302434,0
302435,0
302436,0
302437,0
302438,0
302439,0
302440,0
302441,0
302442,0
302443,0
302444,0
302445,0
302446,0
302447,0
302448,0
302449,0
302450,0
302451,0
302452,0
302453,0
302454,0
302455,0
302456,0
302457,0
302458,0
302459,0
302460,0
302461,0
302462,0
302463,0
302464,0
302465,0
302466,0
302467,0
302468,0
302469,0
302470,0
302471,0
302472,0
302473,0
302474,0
302475,0
302476,0
302477,0
302478,0
302479,0
302480,0
302481,0
302482,0
302483,0
302484,0
302485,0
302486,0
302487,0
302488,0
302489,0
302490,0
302491,0
302492,0
302493,0
302494,0
302495,0
302496,0
302497,0
302498,0
302499,0
302500,0
302501,0
302502,0
302503,0
302504,0
302505,0
302506,0
302507,0
302508,0
302509,0
302510,0
302511,0
302512,0
302513,0
302514,0
302515,0
302516,0
302517,0
302518,0
302519,0
302520,0
302521,0
302522,0
302523,0
302524,0
302525,0
302526,0
302527,0
302528,0
302529,0
302530,0
302531,0
302532,0
302533,0
302534,0
302535,0
302536,0
302537,0
302538,0
302539,0
302540,0
302541,0
302542,0
302543,0
302544,0
302545,0
302546,0
302547,0
302548,0
302549,0
302550,0
302551,0
302552,0
302553,0
302554,0
302555,0
302556,0
302557,0
302558,0
302559,0
302560,0
302561,0
302562,0
302563,0
302564,0
302565,0
302566,0
302567,0
302568,0
302569,0
302570,0
302571,0
302572,0
302573,0
302574,0
302575,0
302576,0
302577,0
302578,0
302579,0
302580,0
302581,0
302582,0
302583,0
302584,0
302585,0
302586,0
302587,0
302588,0
302589,0
302590,0
302591,0
302592,0
302593,0
302594,0
302595,0
302596,0
302597,0
302598,0
302599,0
302600,0
302601,0
302602,0
302603,0
302604,0
302605,0
302606,0
302607,0
302608,0
302609,0
302610,0
302611,0
302612,0
302613,0
302614,0
302615,0
302616,0
302617,0
302618,0
302619,0
302620,0
302621,0
302622,0
302623,0
302624,0
302625,0
302626,0
302627,0
302628,0
302629,0
302630,0
302631,0
302632,0
302633,0
302634,0
302635,0
302636,0
302637,0
302638,0
302639,0
302640,0
302641,0
302642,0
302643,0
302644,0
302645,0
302646,0
302647,0
302648,0
302649,0
302650,0
302651,0
302652,0
302653,0
302654,0
302655,0
302656,0
302657,0
302658,0
302659,0
302660,0
302661,0
302662,0
302663,0
302664,0
302665,0
302666,0
302667,0
302668,0
302669,0
302670,0
302671,0
302672,0
302673,0
302674,0
302675,0
302676,0
302677,0
302678,0
302679,0
302680,0
302681,0
302682,0
302683,0
302684,0
302685,0
302686,0
302687,0
302688,0
302689,0
302690,0
302691,0
302692,0
302693,0
302694,0
302695,0
302696,0
302697,0
302698,0
302699,0
302700,0
302701,0
302702,0
302703,0
302704,0
302705,0
302706,0
302707,0
302708,0
302709,0
302710,0
302711,0
302712,0
302713,0
302714,0
302715,0
302716,0
302717,0
302718,0
302719,0
302720,0
302721,0
302722,0
302723,0
302724,0
302725,0
302726,0
302727,0
302728,0
302729,0
302730,0
302731,0
302732,0
302733,0
302734,0
302735,0
302736,0
302737,0
302738,0
302739,0
302740,0
302741,0
302742,0
302743,0
302744,0
302745,0
302746,0
302747,0
302748,0
302749,0
302750,0
302751,0
302752,0
302753,0
302754,0
302755,0
302756,0
302757,0
302758,0
302759,0
302760,0
302761,0
302762,0
302763,0
302764,0
302765,0
302766,0
302767,0
302768,0
302769,0
302770,0
302771,0
302772,0
302773,0
302774,0
302775,0
302776,0
302777,0
302778,0
302779,0
302780,0
302781,0
302782,0
302783,0
302784,0
302785,0
302786,0
302787,0
302788,0
302789,0
302790,0
302791,0
302792,0
302793,0
302794,0
302795,0
302796,0
302797,0
302798,0
302799,0
302800,0
302801,0
302802,0
302803,0
302804,0
302805,0
302806,0
302807,0
302808,0
302809,0
302810,0
302811,0
302812,0
302813,0
302814,0
302815,0
302816,0
302817,0
302818,0
302819,0
302820,0
302821,0
302822,0
302823,0
302824,0
302825,0
302826,0
302827,0
302828,0
302829,0
302830,0
302831,0
302832,0
302833,0
302834,0
302835,0
302836,0
302837,0
302838,0
302839,0
302840,0
302841,0
302842,0
302843,0
302844,0
302845,0
302846,0
302847,0
302848,0
302849,0
302850,0
302851,0
302852,0
302853,0
302854,0
302855,0
302856,0
302857,0
302858,0
302859,0
302860,0
302861,0
302862,0
302863,0
302864,0
302865,0
302866,0
302867,0
302868,0
302869,0
302870,0
302871,0
302872,0
302873,0
302874,0
302875,0
302876,0
302877,0
302878,0
302879,0
302880,0
302881,0
302882,0
302883,0
302884,0
302885,0
302886,0
302887,0
302888,0
302889,0
302890,0
302891,0
302892,0
302893,0
302894,0
302895,0
302896,0
302897,0
302898,0
302899,0
302900,0
302901,0
302902,0
302903,0
302904,0
302905,0
302906,0
302907,0
302908,0
302909,0
302910,0
302911,0
302912,0
302913,0
302914,0
302915,0
302916,0
302917,0
302918,0
302919,0
302920,0
302921,0
302922,0
302923,0
302924,0
302925,0
302926,0
302927,0
302928,0
302929,0
302930,0
302931,0
302932,0
302933,0
302934,0
302935,0
302936,0
302937,0
302938,0
302939,0
302940,0
302941,0
302942,0
302943,0
302944,0
302945,0
302946,0
302947,0
302948,0
302949,0
302950,0
302951,0
302952,0
302953,0
302954,0
302955,0
302956,0
302957,0
302958,0
302959,0
302960,0
302961,0
302962,0
302963,0
302964,0
302965,0
302966,0
302967,0
302968,0
302969,0
302970,0
302971,0
302972,0
302973,0
302974,0
302975,0
302976,0
302977,0
302978,0
302979,0
302980,0
302981,0
302982,0
302983,0
302984,0
302985,0
302986,0
302987,0
302988,0
302989,0
302990,0
302991,0
302992,0
302993,0
302994,0
302995,0
302996,0
302997,0
302998,0
302999,0
303000,0
303001,0
303002,0
303003,0
303004,0
303005,0
303006,0
303007,0
303008,0
303009,0
303010,0
303011,0
303012,0
303013,0
303014,0
303015,0
303016,0
303017,0
303018,0
303019,0
303020,0
303021,0
303022,0
303023,0
303024,0
303025,0
303026,0
303027,0
303028,0
303029,0
303030,0
303031,0
303032,0
303033,0
303034,0
303035,0
303036,0
303037,0
303038,0
303039,0
303040,0
303041,0
303042,0
303043,0
303044,0
303045,0
303046,0
303047,0
303048,0
303049,0
303050,0
303051,0
303052,0
303053,0
303054,0
303055,0
303056,0
303057,0
303058,0
303059,0
303060,0
303061,0
303062,0
303063,0
303064,0
303065,0
303066,0
303067,0
303068,0
303069,0
303070,0
303071,0
303072,0
303073,0
303074,0
303075,0
303076,0
303077,0
303078,0
303079,0
303080,0
303081,0
303082,0
303083,0
303084,0
303085,0
303086,0
303087,0
303088,0
303089,0
303090,0
303091,0
303092,0
303093,0
303094,0
303095,0
303096,0
303097,0
303098,0
303099,0
303100,0
303101,0
303102,0
303103,0
303104,0
303105,0
303106,0
303107,0
303108,0
303109,0
303110,0
303111,0
303112,0
303113,0
303114,0
303115,0
303116,0
303117,0
303118,0
303119,0
303120,0
303121,0
303122,0
303123,0
303124,0
303125,0
303126,0
303127,0
303128,0
303129,0
303130,0
303131,0
303132,0
303133,0
303134,0
303135,0
303136,0
303137,0
303138,0
303139,0
303140,0
303141,0
303142,0
303143,0
303144,0
303145,0
303146,0
303147,0
303148,0
303149,0
303150,0
303151,0
303152,0
303153,0
303154,0
303155,0
303156,0
303157,0
303158,0
303159,0
303160,0
303161,0
303162,0
303163,0
303164,0
303165,0
303166,0
303167,0
303168,0
303169,0
303170,0
303171,0
303172,0
303173,0
303174,0
303175,0
303176,0
303177,0
303178,0
303179,0
303180,0
303181,0
303182,0
303183,0
303184,0
303185,0
303186,0
303187,0
303188,0
303189,0
303190,0
303191,0
303192,0
303193,0
303194,0
303195,0
303196,0
303197,0
303198,0
303199,0
303200,0
303201,0
303202,0
303203,0
303204,0
303205,0
303206,0
303207,0
303208,0
303209,0
303210,0
303211,0
303212,0
303213,0
303214,0
303215,0
303216,0
303217,0
303218,0
303219,0
303220,0
303221,0
303222,0
303223,0
303224,0
303225,0
303226,0
303227,0
303228,0
303229,0
303230,0
303231,0
303232,0
303233,0
303234,0
303235,0
303236,0
303237,0
303238,0
303239,0
303240,0
303241,0
303242,0
303243,0
303244,0
303245,0
303246,0
303247,0
303248,0
303249,0
303250,0
303251,0
303252,0
303253,0
303254,0
303255,0
303256,0
303257,0
303258,0
303259,0
303260,0
303261,0
303262,0
303263,0
303264,0
303265,0
303266,0
303267,0
303268,0
303269,0
303270,0
303271,0
303272,0
303273,0
303274,0
303275,0
303276,0
303277,0
303278,0
303279,0
303280,0
303281,0
303282,0
303283,0
303284,0
303285,0
303286,0
303287,0
303288,0
303289,0
303290,0
303291,0
303292,0
303293,0
303294,0
303295,0
303296,0
303297,0
303298,0
303299,0
303300,0
303301,0
303302,0
303303,0
303304,0
303305,0
303306,0
303307,0
303308,0
303309,0
303310,0
303311,0
303312,0
303313,0
303314,0
303315,0
303316,0
303317,0
303318,0
303319,0
303320,0
303321,0
303322,0
303323,0
303324,0
303325,0
303326,0
303327,0
303328,0
303329,0
303330,0
303331,0
303332,0
303333,0
303334,0
303335,0
303336,0
303337,0
303338,0
303339,0
303340,0
303341,0
303342,0
303343,0
303344,0
303345,0
303346,0
303347,0
303348,0
303349,0
303350,0
303351,0
303352,0
303353,0
303354,0
303355,0
303356,0
303357,0
303358,0
303359,0
303360,0
303361,0
303362,0
303363,0
303364,0
303365,0
303366,0
303367,0
303368,0
303369,0
303370,0
303371,0
303372,0
303373,0
303374,0
303375,0
303376,0
303377,0
303378,0
303379,0
303380,0
303381,0
303382,0
303383,0
303384,0
303385,0
303386,0
303387,0
303388,0
303389,0
303390,0
303391,0
303392,0
303393,0
303394,0
303395,0
303396,0
303397,0
303398,0
303399,0
303400,0
303401,0
303402,0
303403,0
303404,0
303405,0
303406,0
303407,0
303408,0
303409,0
303410,0
303411,0
303412,0
303413,0
303414,0
303415,0
303416,0
303417,0
303418,0
303419,0
303420,0
303421,0
303422,0
303423,0
303424,0
303425,0
303426,0
303427,0
303428,0
303429,0
303430,0
303431,0
303432,0
303433,0
303434,0
303435,0
303436,0
303437,0
303438,0
303439,0
303440,0
303441,0
303442,0
303443,0
303444,0
303445,0
303446,0
303447,0
303448,0
303449,0
303450,0
303451,0
303452,0
303453,0
303454,0
303455,0
303456,0
303457,0
303458,0
303459,0
303460,0
303461,0
303462,0
303463,0
303464,0
303465,0
303466,0
303467,0
303468,0
303469,0
303470,0
303471,0
303472,0
303473,0
303474,0
303475,0
303476,0
303477,0
303478,0
303479,0
303480,0
303481,0
303482,0
303483,0
303484,0
303485,0
303486,0
303487,0
303488,0
303489,0
303490,0
303491,0
303492,0
303493,0
303494,0
303495,0
303496,0
303497,0
303498,0
303499,0
303500,0
303501,0
303502,0
303503,0
303504,0
303505,0
303506,0
303507,0
303508,0
303509,0
303510,0
303511,0
303512,0
303513,0
303514,0
303515,0
303516,0
303517,0
303518,0
303519,0
303520,0
303521,0
303522,0
303523,0
303524,0
303525,0
303526,0
303527,0
303528,0
303529,0
303530,0
303531,0
303532,0
303533,0
303534,0
303535,0
303536,0
303537,0
303538,0
303539,0
303540,0
303541,0
303542,0
303543,0
303544,0
303545,0
303546,0
303547,0
303548,0
303549,0
303550,0
303551,0
303552,0
303553,0
303554,0
303555,0
303556,0
303557,0
303558,0
303559,0
303560,0
303561,0
303562,0
303563,0
303564,0
303565,0
303566,0
303567,0
303568,0
303569,0
303570,0
303571,0
303572,0
303573,0
303574,0
303575,0
303576,0
303577,0
303578,0
303579,0
303580,0
303581,0
303582,0
303583,0
303584,0
303585,0
303586,0
303587,0
303588,0
303589,0
303590,0
303591,0
303592,0
303593,0
303594,0
303595,0
303596,0
303597,0
303598,0
303599,0
303600,0
303601,0
303602,0
303603,0
303604,0
303605,0
303606,0
303607,0
303608,0
303609,0
303610,0
303611,0
303612,0
303613,0
303614,0
303615,0
303616,0
303617,0
303618,0
303619,0
303620,0
303621,0
303622,0
303623,0
303624,0
303625,0
303626,0
303627,0
303628,0
303629,0
303630,0
303631,0
303632,0
303633,0
303634,0
303635,0
303636,0
303637,0
303638,0
303639,0
303640,0
303641,0
303642,0
303643,0
303644,0
303645,0
303646,0
303647,0
303648,0
303649,0
303650,0
303651,0
303652,0
303653,0
303654,0
303655,0
303656,0
303657,0
303658,0
303659,0
303660,0
303661,0
303662,0
303663,0
303664,0
303665,0
303666,0
303667,0
303668,0
303669,0
303670,0
303671,0
303672,0
303673,0
303674,0
303675,0
303676,0
303677,0
303678,0
303679,0
303680,0
303681,0
303682,0
303683,0
303684,0
303685,0
303686,0
303687,0
303688,0
303689,0
303690,0
303691,0
303692,0
303693,0
303694,0
303695,0
303696,0
303697,0
303698,0
303699,0
303700,0
303701,0
303702,0
303703,0
303704,0
303705,0
303706,0
303707,0
303708,0
303709,0
303710,0
303711,0
303712,0
303713,0
303714,0
303715,0
303716,0
303717,0
303718,0
303719,0
303720,0
303721,0
303722,0
303723,0
303724,0
303725,0
303726,0
303727,0
303728,0
303729,0
303730,0
303731,0
303732,0
303733,0
303734,0
303735,0
303736,0
303737,0
303738,0
303739,0
303740,0
303741,0
303742,0
303743,0
303744,0
303745,0
303746,0
303747,0
303748,0
303749,0
303750,0
303751,0
303752,0
303753,0
303754,0
303755,0
303756,0
303757,0
303758,0
303759,0
303760,0
303761,0
303762,0
303763,0
303764,0
303765,0
303766,0
303767,0
303768,0
303769,0
303770,0
303771,0
303772,0
303773,0
303774,0
303775,0
303776,0
303777,0
303778,0
303779,0
303780,0
303781,0
303782,0
303783,0
303784,0
303785,0
303786,0
303787,0
303788,0
303789,0
303790,0
303791,0
303792,0
303793,0
303794,0
303795,0
303796,0
303797,0
303798,0
303799,0
303800,0
303801,0
303802,0
303803,0
303804,0
303805,0
303806,0
303807,0
303808,0
303809,0
303810,0
303811,0
303812,0
303813,0
303814,0
303815,0
303816,0
303817,0
303818,0
303819,0
303820,0
303821,0
303822,0
303823,0
303824,0
303825,0
303826,0
303827,0
303828,0
303829,0
303830,0
303831,0
303832,0
303833,0
303834,0
303835,0
303836,0
303837,0
303838,0
303839,0
303840,0
303841,0
303842,0
303843,0
303844,0
303845,0
303846,0
303847,0
303848,0
303849,0
303850,0
303851,0
303852,0
303853,0
303854,0
303855,0
303856,0
303857,0
303858,0
303859,0
303860,0
303861,0
303862,0
303863,0
303864,0
303865,0
303866,0
303867,0
303868,0
303869,0
303870,0
303871,0
303872,0
303873,0
303874,0
303875,0
303876,0
303877,0
303878,0
303879,0
303880,0
303881,0
303882,0
303883,0
303884,0
303885,0
303886,0
303887,0
303888,0
303889,0
303890,0
303891,0
303892,0
303893,0
303894,0
303895,0
303896,0
303897,0
303898,0
303899,0
303900,0
303901,0
303902,0
303903,0
303904,0
303905,0
303906,0
303907,0
303908,0
303909,0
303910,0
303911,0
303912,0
303913,0
303914,0
303915,0
303916,0
303917,0
303918,0
303919,0
303920,0
303921,0
303922,0
303923,0
303924,0
303925,0
303926,0
303927,0
303928,0
303929,0
303930,0
303931,0
303932,0
303933,0
303934,0
303935,0
303936,0
303937,0
303938,0
303939,0
303940,0
303941,0
303942,0
303943,0
303944,0
303945,0
303946,0
303947,0
303948,0
303949,0
303950,0
303951,0
303952,0
303953,0
303954,0
303955,0
303956,0
303957,0
303958,0
303959,0
303960,0
303961,0
303962,0
303963,0
303964,0
303965,0
303966,0
303967,0
303968,0
303969,0
303970,0
303971,0
303972,0
303973,0
303974,0
303975,0
303976,0
303977,0
303978,0
303979,0
303980,0
303981,0
303982,0
303983,0
303984,0
303985,0
303986,0
303987,0
303988,0
303989,0
303990,0
303991,0
303992,0
303993,0
303994,0
303995,0
303996,0
303997,0
303998,0
303999,0
304000,0
304001,0
304002,0
304003,0
304004,0
304005,0
304006,0
304007,0
304008,0
304009,0
304010,0
304011,0
304012,0
304013,0
304014,0
304015,0
304016,0
304017,0
304018,0
304019,0
304020,0
304021,0
304022,0
304023,0
304024,0
304025,0
304026,0
304027,0
304028,0
304029,0
304030,0
304031,0
304032,0
304033,0
304034,0
304035,0
304036,0
304037,0
304038,0
304039,0
304040,0
304041,0
304042,0
304043,0
304044,0
304045,0
304046,0
304047,0
304048,0
304049,0
304050,0
304051,0
304052,0
304053,0
304054,0
304055,0
304056,0
304057,0
304058,0
304059,0
304060,0
304061,0
304062,0
304063,0
304064,0
304065,0
304066,0
304067,0
304068,0
304069,0
304070,0
304071,0
304072,0
304073,0
304074,0
304075,0
304076,0
304077,0
304078,0
304079,0
304080,0
304081,0
304082,0
304083,0
304084,0
304085,0
304086,0
304087,0
304088,0
304089,0
304090,0
304091,0
304092,0
304093,0
304094,0
304095,0
304096,0
304097,0
304098,0
304099,0
304100,0
304101,0
304102,0
304103,0
304104,0
304105,0
304106,0
304107,0
304108,0
304109,0
304110,0
304111,0
304112,0
304113,0
304114,0
304115,0
304116,0
304117,0
304118,0
304119,0
304120,0
304121,0
304122,0
304123,0
304124,0
304125,0
304126,0
304127,0
304128,0
304129,0
304130,0
304131,0
304132,0
304133,0
304134,0
304135,0
304136,0
304137,0
304138,0
304139,0
304140,0
304141,0
304142,0
304143,0
304144,0
304145,0
304146,0
304147,0
304148,0
304149,0
304150,0
304151,0
304152,0
304153,0
304154,0
304155,0
304156,0
304157,0
304158,0
304159,0
304160,0
304161,0
304162,0
304163,0
304164,0
304165,0
304166,0
304167,0
304168,0
304169,0
304170,0
304171,0
304172,0
304173,0
304174,0
304175,0
304176,0
304177,0
304178,0
304179,0
304180,0
304181,0
304182,0
304183,0
304184,0
304185,0
304186,0
304187,0
304188,0
304189,0
304190,0
304191,0
304192,0
304193,0
304194,0
304195,0
304196,0
304197,0
304198,0
304199,0
304200,0
304201,0
304202,0
304203,0
304204,0
304205,0
304206,0
304207,0
304208,0
304209,0
304210,0
304211,0
304212,0
304213,0
304214,0
304215,0
304216,0
304217,0
304218,0
304219,0
304220,0
304221,0
304222,0
304223,0
304224,0
304225,0
304226,0
304227,0
304228,0
304229,0
304230,0
304231,0
304232,0
304233,0
304234,0
304235,0
304236,0
304237,0
304238,0
304239,0
304240,0
304241,0
304242,0
304243,0
304244,0
304245,0
304246,0
304247,0
304248,0
304249,0
304250,0
304251,0
304252,0
304253,0
304254,0
304255,0
304256,0
304257,0
304258,0
304259,0
304260,0
304261,0
304262,0
304263,0
304264,0
304265,0
304266,0
304267,0
304268,0
304269,0
304270,0
304271,0
304272,0
304273,0
304274,0
304275,0
304276,0
304277,0
304278,0
304279,0
304280,0
304281,0
304282,0
304283,0
304284,0
304285,0
304286,0
304287,0
304288,0
304289,0
304290,0
304291,0
304292,0
304293,0
304294,0
304295,0
304296,0
304297,0
304298,0
304299,0
304300,0
304301,0
304302,0
304303,0
304304,0
304305,0
304306,0
304307,0
304308,0
304309,0
304310,0
304311,0
304312,0
304313,0
304314,0
304315,0
304316,0
304317,0
304318,0
304319,0
304320,0
304321,0
304322,0
304323,0
304324,0
304325,0
304326,0
304327,0
304328,0
304329,0
304330,0
304331,0
304332,0
304333,0
304334,0
304335,0
304336,0
304337,0
304338,0
304339,0
304340,0
304341,0
304342,0
304343,0
304344,0
304345,0
304346,0
304347,0
304348,0
304349,0
304350,0
304351,0
304352,0
304353,0
304354,0
304355,0
304356,0
304357,0
304358,0
304359,0
304360,0
304361,0
304362,0
304363,0
304364,0
304365,0
304366,0
304367,0
304368,0
304369,0
304370,0
304371,0
304372,0
304373,0
304374,0
304375,0
304376,0
304377,0
304378,0
304379,0
304380,0
304381,0
304382,0
304383,0
304384,0
304385,0
304386,0
304387,0
304388,0
304389,0
304390,0
304391,0
304392,0
304393,0
304394,0
304395,0
304396,0
304397,0
304398,0
304399,0
304400,0
304401,0
304402,0
304403,0
304404,0
304405,0
304406,0
304407,0
304408,0
304409,0
304410,0
304411,0
304412,0
304413,0
304414,0
304415,0
304416,0
304417,0
304418,0
304419,0
304420,0
304421,0
304422,0
304423,0
304424,0
304425,0
304426,0
304427,0
304428,0
304429,0
304430,0
304431,0
304432,0
304433,0
304434,0
304435,0
304436,0
304437,0
304438,0
304439,0
304440,0
304441,0
304442,0
304443,0
304444,0
304445,0
304446,0
304447,0
304448,0
304449,0
304450,0
304451,0
304452,0
304453,0
304454,0
304455,0
304456,0
304457,0
304458,0
304459,0
304460,0
304461,0
304462,0
304463,0
304464,0
304465,0
304466,0
304467,0
304468,0
304469,0
304470,0
304471,0
304472,0
304473,0
304474,0
304475,0
304476,0
304477,0
304478,0
304479,0
304480,0
304481,0
304482,0
304483,0
304484,0
304485,0
304486,0
304487,0
304488,0
304489,0
304490,0
304491,0
304492,0
304493,0
304494,0
304495,0
304496,0
304497,0
304498,0
304499,0
304500,0
304501,0
304502,0
304503,0
304504,0
304505,0
304506,0
304507,0
304508,0
304509,0
304510,0
304511,0
304512,0
304513,0
304514,0
304515,0
304516,0
304517,0
304518,0
304519,0
304520,0
304521,0
304522,0
304523,0
304524,0
304525,0
304526,0
304527,0
304528,0
304529,0
304530,0
304531,0
304532,0
304533,0
304534,0
304535,0
304536,0
304537,0
304538,0
304539,0
304540,0
304541,0
304542,0
304543,0
304544,0
304545,0
304546,0
304547,0
304548,0
304549,0
304550,0
304551,0
304552,0
304553,0
304554,0
304555,0
304556,0
304557,0
304558,0
304559,0
304560,0
304561,0
304562,0
304563,0
304564,0
304565,0
304566,0
304567,0
304568,0
304569,0
304570,0
304571,0
304572,0
304573,0
304574,0
304575,0
304576,0
304577,0
304578,0
304579,0
304580,0
304581,0
304582,0
304583,0
304584,0
304585,0
304586,0
304587,0
304588,0
304589,0
304590,0
304591,0
304592,0
304593,0
304594,0
304595,0
304596,0
304597,0
304598,0
304599,0
304600,0
304601,0
304602,0
304603,0
304604,0
304605,0
304606,0
304607,0
304608,0
304609,0
304610,0
304611,0
304612,0
304613,0
304614,0
304615,0
304616,0
304617,0
304618,0
304619,0
304620,0
304621,0
304622,0
304623,0
304624,0
304625,0
304626,0
304627,0
304628,0
304629,0
304630,0
304631,0
304632,0
304633,0
304634,0
304635,0
304636,0
304637,0
304638,0
304639,0
304640,0
304641,0
304642,0
304643,0
304644,0
304645,0
304646,0
304647,0
304648,0
304649,0
304650,0
304651,0
304652,0
304653,0
304654,0
304655,0
304656,0
304657,0
304658,0
304659,0
304660,0
304661,0
304662,0
304663,0
304664,0
304665,0
304666,0
304667,0
304668,0
304669,0
304670,0
304671,0
304672,0
304673,0
304674,0
304675,0
304676,0
304677,0
304678,0
304679,0
304680,0
304681,0
304682,0
304683,0
304684,0
304685,0
304686,0
304687,0
304688,0
304689,0
304690,0
304691,0
304692,0
304693,0
304694,0
304695,0
304696,0
304697,0
304698,0
304699,0
304700,0
304701,0
304702,0
304703,0
304704,0
304705,0
304706,0
304707,0
304708,0
304709,0
304710,0
304711,0
304712,0
304713,0
304714,0
304715,0
304716,0
304717,0
304718,0
304719,0
304720,0
304721,0
304722,0
304723,0
304724,0
304725,0
304726,0
304727,0
304728,0
304729,0
304730,0
304731,0
304732,0
304733,0
304734,0
304735,0
304736,0
304737,0
304738,0
304739,0
304740,0
304741,0
304742,0
304743,0
304744,0
304745,0
304746,0
304747,0
304748,0
304749,0
304750,0
304751,0
304752,0
304753,0
304754,0
304755,0
304756,0
304757,0
304758,0
304759,0
304760,0
304761,0
304762,0
304763,0
304764,0
304765,0
304766,0
304767,0
304768,0
304769,0
304770,0
304771,0
304772,0
304773,0
304774,0
304775,0
304776,0
304777,0
304778,0
304779,0
304780,0
304781,0
304782,0
304783,0
304784,0
304785,0
304786,0
304787,0
304788,0
304789,0
304790,0
304791,0
304792,0
304793,0
304794,0
304795,0
304796,0
304797,0
304798,0
304799,0
304800,0
304801,0
304802,0
304803,0
304804,0
304805,0
304806,0
304807,0
304808,0
304809,0
304810,0
304811,0
304812,0
304813,0
304814,0
304815,0
304816,0
304817,0
304818,0
304819,0
304820,0
304821,0
304822,0
304823,0
304824,0
304825,0
304826,0
304827,0
304828,0
304829,0
304830,0
304831,0
304832,0
304833,0
304834,0
304835,0
304836,0
304837,0
304838,0
304839,0
304840,0
304841,0
304842,0
304843,0
304844,0
304845,0
304846,0
304847,0
304848,0
304849,0
304850,0
304851,0
304852,0
304853,0
304854,0
304855,0
304856,0
304857,0
304858,0
304859,0
304860,0
304861,0
304862,0
304863,0
304864,0
304865,0
304866,0
304867,0
304868,0
304869,0
304870,0
304871,0
304872,0
304873,0
304874,0
304875,0
304876,0
304877,0
304878,0
304879,0
304880,0
304881,0
304882,0
304883,0
304884,0
304885,0
304886,0
304887,0
304888,0
304889,0
304890,0
304891,0
304892,0
304893,0
304894,0
304895,0
304896,0
304897,0
304898,0
304899,0
304900,0
304901,0
304902,0
304903,0
304904,0
304905,0
304906,0
304907,0
304908,0
304909,0
304910,0
304911,0
304912,0
304913,0
304914,0
304915,0
304916,0
304917,0
304918,0
304919,0
304920,0
304921,0
304922,0
304923,0
304924,0
304925,0
304926,0
304927,0
304928,0
304929,0
304930,0
304931,0
304932,0
304933,0
304934,0
304935,0
304936,0
304937,0
304938,0
304939,0
304940,0
304941,0
304942,0
304943,0
304944,0
304945,0
304946,0
304947,0
304948,0
304949,0
304950,0
304951,0
304952,0
304953,0
304954,0
304955,0
304956,0
304957,0
304958,0
304959,0
304960,0
304961,0
304962,0
304963,0
304964,0
304965,0
304966,0
304967,0
304968,0
304969,0
304970,0
304971,0
304972,0
304973,0
304974,0
304975,0
304976,0
304977,0
304978,0
304979,0
304980,0
304981,0
304982,0
304983,0
304984,0
304985,0
304986,0
304987,0
304988,0
304989,0
304990,0
304991,0
304992,0
304993,0
304994,0
304995,0
304996,0
304997,0
304998,0
304999,0
305000,0
305001,0
305002,0
305003,0
305004,0
305005,0
305006,0
305007,0
305008,0
305009,0
305010,0
305011,0
305012,0
305013,0
305014,0
305015,0
305016,0
305017,0
305018,0
305019,0
305020,0
305021,0
305022,0
305023,0
305024,0
305025,0
305026,0
305027,0
305028,0
305029,0
305030,0
305031,0
305032,0
305033,0
305034,0
305035,0
305036,0
305037,0
305038,0
305039,0
305040,0
305041,0
305042,0
305043,0
305044,0
305045,0
305046,0
305047,0
305048,0
305049,0
305050,0
305051,0
305052,0
305053,0
305054,0
305055,0
305056,0
305057,0
305058,0
305059,0
305060,0
305061,0
305062,0
305063,0
305064,0
305065,0
305066,0
305067,0
305068,0
305069,0
305070,0
305071,0
305072,0
305073,0
305074,0
305075,0
305076,0
305077,0
305078,0
305079,0
305080,0
305081,0
305082,0
305083,0
305084,0
305085,0
305086,0
305087,0
305088,0
305089,0
305090,0
305091,0
305092,0
305093,0
305094,0
305095,0
305096,0
305097,0
305098,0
305099,0
305100,0
305101,0
305102,0
305103,0
305104,0
305105,0
305106,0
305107,0
305108,0
305109,0
305110,0
305111,0
305112,0
305113,0
305114,0
305115,0
305116,0
305117,0
305118,0
305119,0
305120,0
305121,0
305122,0
305123,0
305124,0
305125,0
305126,0
305127,0
305128,0
305129,0
305130,0
305131,0
305132,0
305133,0
305134,0
305135,0
305136,0
305137,0
305138,0
305139,0
305140,0
305141,0
305142,0
305143,0
305144,0
305145,0
305146,0
305147,0
305148,0
305149,0
305150,0
305151,0
305152,0
305153,0
305154,0
305155,0
305156,0
305157,0
305158,0
305159,0
305160,0
305161,0
305162,0
305163,0
305164,0
305165,0
305166,0
305167,0
305168,0
305169,0
305170,0
305171,0
305172,0
305173,0
305174,0
305175,0
305176,0
305177,0
305178,0
305179,0
305180,0
305181,0
305182,0
305183,0
305184,0
305185,0
305186,0
305187,0
305188,0
305189,0
305190,0
305191,0
305192,0
305193,0
305194,0
305195,0
305196,0
305197,0
305198,0
305199,0
305200,0
305201,0
305202,0
305203,0
305204,0
305205,0
305206,0
305207,0
305208,0
305209,0
305210,0
305211,0
305212,0
305213,0
305214,0
305215,0
305216,0
305217,0
305218,0
305219,0
305220,0
305221,0
305222,0
305223,0
305224,0
305225,0
305226,0
305227,0
305228,0
305229,0
305230,0
305231,0
305232,0
305233,0
305234,0
305235,0
305236,0
305237,0
305238,0
305239,0
305240,0
305241,0
305242,0
305243,0
305244,0
305245,0
305246,0
305247,0
305248,0
305249,0
305250,0
305251,0
305252,0
305253,0
305254,0
305255,0
305256,0
305257,0
305258,0
305259,0
305260,0
305261,0
305262,0
305263,0
305264,0
305265,0
305266,0
305267,0
305268,0
305269,0
305270,0
305271,0
305272,0
305273,0
305274,0
305275,0
305276,0
305277,0
305278,0
305279,0
305280,0
305281,0
305282,0
305283,0
305284,0
305285,0
305286,0
305287,0
305288,0
305289,0
305290,0
305291,0
305292,0
305293,0
305294,0
305295,0
305296,0
305297,0
305298,0
305299,0
305300,0
305301,0
305302,0
305303,0
305304,0
305305,0
305306,0
305307,0
305308,0
305309,0
305310,0
305311,0
305312,0
305313,0
305314,0
305315,0
305316,0
305317,0
305318,0
305319,0
305320,0
305321,0
305322,0
305323,0
305324,0
305325,0
305326,0
305327,0
305328,0
305329,0
305330,0
305331,0
305332,0
305333,0
305334,0
305335,0
305336,0
305337,0
305338,0
305339,0
305340,0
305341,0
305342,0
305343,0
305344,0
305345,0
305346,0
305347,0
305348,0
305349,0
305350,0
305351,0
305352,0
305353,0
305354,0
305355,0
305356,0
305357,0
305358,0
305359,0
305360,0
305361,0
305362,0
305363,0
305364,0
305365,0
305366,0
305367,0
305368,0
305369,0
305370,0
305371,0
305372,0
305373,0
305374,0
305375,0
305376,0
305377,0
305378,0
305379,0
305380,0
305381,0
305382,0
305383,0
305384,0
305385,0
305386,0
305387,0
305388,0
305389,0
305390,0
305391,0
305392,0
305393,0
305394,0
305395,0
305396,0
305397,0
305398,0
305399,0
305400,0
305401,0
305402,0
305403,0
305404,0
305405,0
305406,0
305407,0
305408,0
305409,0
305410,0
305411,0
305412,0
305413,0
305414,0
305415,0
305416,0
305417,0
305418,0
305419,0
305420,0
305421,0
305422,0
305423,0
305424,0
305425,0
305426,0
305427,0
305428,0
305429,0
305430,0
305431,0
305432,0
305433,0
305434,0
305435,0
305436,0
305437,0
305438,0
305439,0
305440,0
305441,0
305442,0
305443,0
305444,0
305445,0
305446,0
305447,0
305448,0
305449,0
305450,0
305451,0
305452,0
305453,0
305454,0
305455,0
305456,0
305457,0
305458,0
305459,0
305460,0
305461,0
305462,0
305463,0
305464,0
305465,0
305466,0
305467,0
305468,0
305469,0
305470,0
305471,0
305472,0
305473,0
305474,0
305475,0
305476,0
305477,0
305478,0
305479,0
305480,0
305481,0
305482,0
305483,0
305484,0
305485,0
305486,0
305487,0
305488,0
305489,0
305490,0
305491,0
305492,0
305493,0
305494,0
305495,0
305496,0
305497,0
305498,0
305499,0
305500,0
305501,0
305502,0
305503,0
305504,0
305505,0
305506,0
305507,0
305508,0
305509,0
305510,0
305511,0
305512,0
305513,0
305514,0
305515,0
305516,0
305517,0
305518,0
305519,0
305520,0
305521,0
305522,0
305523,0
305524,0
305525,0
305526,0
305527,0
305528,0
305529,0
305530,0
305531,0
305532,0
305533,0
305534,0
305535,0
305536,0
305537,0
305538,0
305539,0
305540,0
305541,0
305542,0
305543,0
305544,0
305545,0
305546,0
305547,0
305548,0
305549,0
305550,0
305551,0
305552,0
305553,0
305554,0
305555,0
305556,0
305557,0
305558,0
305559,0
305560,0
305561,0
305562,0
305563,0
305564,0
305565,0
305566,0
305567,0
305568,0
305569,0
305570,0
305571,0
305572,0
305573,0
305574,0
305575,0
305576,0
305577,0
305578,0
305579,0
305580,0
305581,0
305582,0
305583,0
305584,0
305585,0
305586,0
305587,0
305588,0
305589,0
305590,0
305591,0
305592,0
305593,0
305594,0
305595,0
305596,0
305597,0
305598,0
305599,0
305600,0
305601,0
305602,0
305603,0
305604,0
305605,0
305606,0
305607,0
305608,0
305609,0
305610,0
305611,0
305612,0
305613,0
305614,0
305615,0
305616,0
305617,0
305618,0
305619,0
305620,0
305621,0
305622,0
305623,0
305624,0
305625,0
305626,0
305627,0
305628,0
305629,0
305630,0
305631,0
305632,0
305633,0
305634,0
305635,0
305636,0
305637,0
305638,0
305639,0
305640,0
305641,0
305642,0
305643,0
305644,0
305645,0
305646,0
305647,0
305648,0
305649,0
305650,0
305651,0
305652,0
305653,0
305654,0
305655,0
305656,0
305657,0
305658,0
305659,0
305660,0
305661,0
305662,0
305663,0
305664,0
305665,0
305666,0
305667,0
305668,0
305669,0
305670,0
305671,0
305672,0
305673,0
305674,0
305675,0
305676,0
305677,0
305678,0
305679,0
305680,0
305681,0
305682,0
305683,0
305684,0
305685,0
305686,0
305687,0
305688,0
305689,0
305690,0
305691,0
305692,0
305693,0
305694,0
305695,0
305696,0
305697,0
305698,0
305699,0
305700,0
305701,0
305702,0
305703,0
305704,0
305705,0
305706,0
305707,0
305708,0
305709,0
305710,0
305711,0
305712,0
305713,0
305714,0
305715,0
305716,0
305717,0
305718,0
305719,0
305720,0
305721,0
305722,0
305723,0
305724,0
305725,0
305726,0
305727,0
305728,0
305729,0
305730,0
305731,0
305732,0
305733,0
305734,0
305735,0
305736,0
305737,0
305738,0
305739,0
305740,0
305741,0
305742,0
305743,0
305744,0
305745,0
305746,0
305747,0
305748,0
305749,0
305750,0
305751,0
305752,0
305753,0
305754,0
305755,0
305756,0
305757,0
305758,0
305759,0
305760,0
305761,0
305762,0
305763,0
305764,0
305765,0
305766,0
305767,0
305768,0
305769,0
305770,0
305771,0
305772,0
305773,0
305774,0
305775,0
305776,0
305777,0
305778,0
305779,0
305780,0
305781,0
305782,0
305783,0
305784,0
305785,0
305786,0
305787,0
305788,0
305789,0
305790,0
305791,0
305792,0
305793,0
305794,0
305795,0
305796,0
305797,0
305798,0
305799,0
305800,0
305801,0
305802,0
305803,0
305804,0
305805,0
305806,0
305807,0
305808,0
305809,0
305810,0
305811,0
305812,0
305813,0
305814,0
305815,0
305816,0
305817,0
305818,0
305819,0
305820,0
305821,0
305822,0
305823,0
305824,0
305825,0
305826,0
305827,0
305828,0
305829,0
305830,0
305831,0
305832,0
305833,0
305834,0
305835,0
305836,0
305837,0
305838,0
305839,0
305840,0
305841,0
305842,0
305843,0
305844,0
305845,0
305846,0
305847,0
305848,0
305849,0
305850,0
305851,0
305852,0
305853,0
305854,0
305855,0
305856,0
305857,0
305858,0
305859,0
305860,0
305861,0
305862,0
305863,0
305864,0
305865,0
305866,0
305867,0
305868,0
305869,0
305870,0
305871,0
305872,0
305873,0
305874,0
305875,0
305876,0
305877,0
305878,0
305879,0
305880,0
305881,0
305882,0
305883,0
305884,0
305885,0
305886,0
305887,0
305888,0
305889,0
305890,0
305891,0
305892,0
305893,0
305894,0
305895,0
305896,0
305897,0
305898,0
305899,0
305900,0
305901,0
305902,0
305903,0
305904,0
305905,0
305906,0
305907,0
305908,0
305909,0
305910,0
305911,0
305912,0
305913,0
305914,0
305915,0
305916,0
305917,0
305918,0
305919,0
305920,0
305921,0
305922,0
305923,0
305924,0
305925,0
305926,0
305927,0
305928,0
305929,0
305930,0
305931,0
305932,0
305933,0
305934,0
305935,0
305936,0
305937,0
305938,0
305939,0
305940,0
305941,0
305942,0
305943,0
305944,0
305945,0
305946,0
305947,0
305948,0
305949,0
305950,0
305951,0
305952,0
305953,0
305954,0
305955,0
305956,0
305957,0
305958,0
305959,0
305960,0
305961,0
305962,0
305963,0
305964,0
305965,0
305966,0
305967,0
305968,0
305969,0
305970,0
305971,0
305972,0
305973,0
305974,0
305975,0
305976,0
305977,0
305978,0
305979,0
305980,0
305981,0
305982,0
305983,0
305984,0
305985,0
305986,0
305987,0
305988,0
305989,0
305990,0
305991,0
305992,0
305993,0
305994,0
305995,0
305996,0
305997,0
305998,0
305999,0
306000,0
306001,0
306002,0
306003,0
306004,0
306005,0
306006,0
306007,0
306008,0
306009,0
306010,0
306011,0
306012,0
306013,0
306014,0
306015,0
306016,0
306017,0
306018,0
306019,0
306020,0
306021,0
306022,0
306023,0
306024,0
306025,0
306026,0
306027,0
306028,0
306029,0
306030,0
306031,0
306032,0
306033,0
306034,0
306035,0
306036,0
306037,0
306038,0
306039,0
306040,0
306041,0
306042,0
306043,0
306044,0
306045,0
306046,0
306047,0
306048,0
306049,0
306050,0
306051,0
306052,0
306053,0
306054,0
306055,0
306056,0
306057,0
306058,0
306059,0
306060,0
306061,0
306062,0
306063,0
306064,0
306065,0
306066,0
306067,0
306068,0
306069,0
306070,0
306071,0
306072,0
306073,0
306074,0
306075,0
306076,0
306077,0
306078,0
306079,0
306080,0
306081,0
306082,0
306083,0
306084,0
306085,0
306086,0
306087,0
306088,0
306089,0
306090,0
306091,0
306092,0
306093,0
306094,0
306095,0
306096,0
306097,0
306098,0
306099,0
306100,0
306101,0
306102,0
306103,0
306104,0
306105,0
306106,0
306107,0
306108,0
306109,0
306110,0
306111,0
306112,0
306113,0
306114,0
306115,0
306116,0
306117,0
306118,0
306119,0
306120,0
306121,0
306122,0
306123,0
306124,0
306125,0
306126,0
306127,0
306128,0
306129,0
306130,0
306131,0
306132,0
306133,0
306134,0
306135,0
306136,0
306137,0
306138,0
306139,0
306140,0
306141,0
306142,0
306143,0
306144,0
306145,0
306146,0
306147,0
306148,0
306149,0
306150,0
306151,0
306152,0
306153,0
306154,0
306155,0
306156,0
306157,0
306158,0
306159,0
306160,0
306161,0
306162,0
306163,0
306164,0
306165,0
306166,0
306167,0
306168,0
306169,0
306170,0
306171,0
306172,0
306173,0
306174,0
306175,0
306176,0
306177,0
306178,0
306179,0
306180,0
306181,0
306182,0
306183,0
306184,0
306185,0
306186,0
306187,0
306188,0
306189,0
306190,0
306191,0
306192,0
306193,0
306194,0
306195,0
306196,0
306197,0
306198,0
306199,0
306200,0
306201,0
306202,0
306203,0
306204,0
306205,0
306206,0
306207,0
306208,0
306209,0
306210,0
306211,0
306212,0
306213,0
306214,0
306215,0
306216,0
306217,0
306218,0
306219,0
306220,0
306221,0
306222,0
306223,0
306224,0
306225,0
306226,0
306227,0
306228,0
306229,0
306230,0
306231,0
306232,0
306233,0
306234,0
306235,0
306236,0
306237,0
306238,0
306239,0
306240,0
306241,0
306242,0
306243,0
306244,0
306245,0
306246,0
306247,0
306248,0
306249,0
306250,0
306251,0
306252,0
306253,0
306254,0
306255,0
306256,0
306257,0
306258,0
306259,0
306260,0
306261,0
306262,0
306263,0
306264,0
306265,0
306266,0
306267,0
306268,0
306269,0
306270,0
306271,0
306272,0
306273,0
306274,0
306275,0
306276,0
306277,0
306278,0
306279,0
306280,0
306281,0
306282,0
306283,0
306284,0
306285,0
306286,0
306287,0
306288,0
306289,0
306290,0
306291,0
306292,0
306293,0
306294,0
306295,0
306296,0
306297,0
306298,0
306299,0
306300,0
306301,0
306302,0
306303,0
306304,0
306305,0
306306,0
306307,0
306308,0
306309,0
306310,0
306311,0
306312,0
306313,0
306314,0
306315,0
306316,0
306317,0
306318,0
306319,0
306320,0
306321,0
306322,0
306323,0
306324,0
306325,0
306326,0
306327,0
306328,0
306329,0
306330,0
306331,0
306332,0
306333,0
306334,0
306335,0
306336,0
306337,0
306338,0
306339,0
306340,0
306341,0
306342,0
306343,0
306344,0
306345,0
306346,0
306347,0
306348,0
306349,0
306350,0
306351,0
306352,0
306353,0
306354,0
306355,0
306356,0
306357,0
306358,0
306359,0
306360,0
306361,0
306362,0
306363,0
306364,0
306365,0
306366,0
306367,0
306368,0
306369,0
306370,0
306371,0
306372,0
306373,0
306374,0
306375,0
306376,0
306377,0
306378,0
306379,0
306380,0
306381,0
306382,0
306383,0
306384,0
306385,0
306386,0
306387,0
306388,0
306389,0
306390,0
306391,0
306392,0
306393,0
306394,0
306395,0
306396,0
306397,0
306398,0
306399,0
306400,0
306401,0
306402,0
306403,0
306404,0
306405,0
306406,0
306407,0
306408,0
306409,0
306410,0
306411,0
306412,0
306413,0
306414,0
306415,0
306416,0
306417,0
306418,0
306419,0
306420,0
306421,0
306422,0
306423,0
306424,0
306425,0
306426,0
306427,0
306428,0
306429,0
306430,0
306431,0
306432,0
306433,0
306434,0
306435,0
306436,0
306437,0
306438,0
306439,0
306440,0
306441,0
306442,0
306443,0
306444,0
306445,0
306446,0
306447,0
306448,0
306449,0
306450,0
306451,0
306452,0
306453,0
306454,0
306455,0
306456,0
306457,0
306458,0
306459,0
306460,0
306461,0
306462,0
306463,0
306464,0
306465,0
306466,0
306467,0
306468,0
306469,0
306470,0
306471,0
306472,0
306473,0
306474,0
306475,0
306476,0
306477,0
306478,0
306479,0
306480,0
306481,0
306482,0
306483,0
306484,0
306485,0
306486,0
306487,0
306488,0
306489,0
306490,0
306491,0
306492,0
306493,0
306494,0
306495,0
306496,0
306497,0
306498,0
306499,0
306500,0
306501,0
306502,0
306503,0
306504,0
306505,0
306506,0
306507,0
306508,0
306509,0
306510,0
306511,0
306512,0
306513,0
306514,0
306515,0
306516,0
306517,0
306518,0
306519,0
306520,0
306521,0
306522,0
306523,0
306524,0
306525,0
306526,0
306527,0
306528,0
306529,0
306530,0
306531,0
306532,0
306533,0
306534,0
306535,0
306536,0
306537,0
306538,0
306539,0
306540,0
306541,0
306542,0
306543,0
306544,0
306545,0
306546,0
306547,0
306548,0
306549,0
306550,0
306551,0
306552,0
306553,0
306554,0
306555,0
306556,0
306557,0
306558,0
306559,0
306560,0
306561,0
306562,0
306563,0
306564,0
306565,0
306566,0
306567,0
306568,0
306569,0
306570,0
306571,0
306572,0
306573,0
306574,0
306575,0
306576,0
306577,0
306578,0
306579,0
306580,0
306581,0
306582,0
306583,0
306584,0
306585,0
306586,0
306587,0
306588,0
306589,0
306590,0
306591,0
306592,0
306593,0
306594,0
306595,0
306596,0
306597,0
306598,0
306599,0
306600,0
306601,0
306602,0
306603,0
306604,0
306605,0
306606,0
306607,0
306608,0
306609,0
306610,0
306611,0
306612,0
306613,0
306614,0
306615,0
306616,0
306617,0
306618,0
306619,0
306620,0
306621,0
306622,0
306623,0
306624,0
306625,0
306626,0
306627,0
306628,0
306629,0
306630,0
306631,0
306632,0
306633,0
306634,0
306635,0
306636,0
306637,0
306638,0
306639,0
306640,0
306641,0
306642,0
306643,0
306644,0
306645,0
306646,0
306647,0
306648,0
306649,0
306650,0
306651,0
306652,0
306653,0
306654,0
306655,0
306656,0
306657,0
306658,0
306659,0
306660,0
306661,0
306662,0
306663,0
306664,0
306665,0
306666,0
306667,0
306668,0
306669,0
306670,0
306671,0
306672,0
306673,0
306674,0
306675,0
306676,0
306677,0
306678,0
306679,0
306680,0
306681,0
306682,0
306683,0
306684,0
306685,0
306686,0
306687,0
306688,0
306689,0
306690,0
306691,0
306692,0
306693,0
306694,0
306695,0
306696,0
306697,0
306698,0
306699,0
306700,0
306701,0
306702,0
306703,0
306704,0
306705,0
306706,0
306707,0
306708,0
306709,0
306710,0
306711,0
306712,0
306713,0
306714,0
306715,0
306716,0
306717,0
306718,0
306719,0
306720,0
306721,0
306722,0
306723,0
306724,0
306725,0
306726,0
306727,0
306728,0
306729,0
306730,0
306731,0
306732,0
306733,0
306734,0
306735,0
306736,0
306737,0
306738,0
306739,0
306740,0
306741,0
306742,0
306743,0
306744,0
306745,0
306746,0
306747,0
306748,0
306749,0
306750,0
306751,0
306752,0
306753,0
306754,0
306755,0
306756,0
306757,0
306758,0
306759,0
306760,0
306761,0
306762,0
306763,0
306764,0
306765,0
306766,0
306767,0
306768,0
306769,0
306770,0
306771,0
306772,0
306773,0
306774,0
306775,0
306776,0
306777,0
306778,0
306779,0
306780,0
306781,0
306782,0
306783,0
306784,0
306785,0
306786,0
306787,0
306788,0
306789,0
306790,0
306791,0
306792,0
306793,0
306794,0
306795,0
306796,0
306797,0
306798,0
306799,0
306800,0
306801,0
306802,0
306803,0
306804,0
306805,0
306806,0
306807,0
306808,0
306809,0
306810,0
306811,0
306812,0
306813,0
306814,0
306815,0
306816,0
306817,0
306818,0
306819,0
306820,0
306821,0
306822,0
306823,0
306824,0
306825,0
306826,0
306827,0
306828,0
306829,0
306830,0
306831,0
306832,0
306833,0
306834,0
306835,0
306836,0
306837,0
306838,0
306839,0
306840,0
306841,0
306842,0
306843,0
306844,0
306845,0
306846,0
306847,0
306848,0
306849,0
306850,0
306851,0
306852,0
306853,0
306854,0
306855,0
306856,0
306857,0
306858,0
306859,0
306860,0
306861,0
306862,0
306863,0
306864,0
306865,0
306866,0
306867,0
306868,0
306869,0
306870,0
306871,0
306872,0
306873,0
306874,0
306875,0
306876,0
306877,0
306878,0
306879,0
306880,0
306881,0
306882,0
306883,0
306884,0
306885,0
306886,0
306887,0
306888,0
306889,0
306890,0
306891,0
306892,0
306893,0
306894,0
306895,0
306896,0
306897,0
306898,0
306899,0
306900,0
306901,0
306902,0
306903,0
306904,0
306905,0
306906,0
306907,0
306908,0
306909,0
306910,0
306911,0
306912,0
306913,0
306914,0
306915,0
306916,0
306917,0
306918,0
306919,0
306920,0
306921,0
306922,0
306923,0
306924,0
306925,0
306926,0
306927,0
306928,0
306929,0
306930,0
306931,0
306932,0
306933,0
306934,0
306935,0
306936,0
306937,0
306938,0
306939,0
306940,0
306941,0
306942,0
306943,0
306944,0
306945,0
306946,0
306947,0
306948,0
306949,0
306950,0
306951,0
306952,0
306953,0
306954,0
306955,0
306956,0
306957,0
306958,0
306959,0
306960,0
306961,0
306962,0
306963,0
306964,0
306965,0
306966,0
306967,0
306968,0
306969,0
306970,0
306971,0
306972,0
306973,0
306974,0
306975,0
306976,0
306977,0
306978,0
306979,0
306980,0
306981,0
306982,0
306983,0
306984,0
306985,0
306986,0
306987,0
306988,0
306989,0
306990,0
306991,0
306992,0
306993,0
306994,0
306995,0
306996,0
306997,0
306998,0
306999,0
307000,0
307001,0
307002,0
307003,0
307004,0
307005,0
307006,0
307007,0
307008,0
307009,0
307010,0
307011,0
307012,0
307013,0
307014,0
307015,0
307016,0
307017,0
307018,0
307019,0
307020,0
307021,0
307022,0
307023,0
307024,0
307025,0
307026,0
307027,0
307028,0
307029,0
307030,0
307031,0
307032,0
307033,0
307034,0
307035,0
307036,0
307037,0
307038,0
307039,0
307040,0
307041,0
307042,0
307043,0
307044,0
307045,0
307046,0
307047,0
307048,0
307049,0
307050,0
307051,0
307052,0
307053,0
307054,0
307055,0
307056,0
307057,0
307058,0
307059,0
307060,0
307061,0
307062,0
307063,0
307064,0
307065,0
307066,0
307067,0
307068,0
307069,0
307070,0
307071,0
307072,0
307073,0
307074,0
307075,0
307076,0
307077,0
307078,0
307079,0
307080,0
307081,0
307082,0
307083,0
307084,0
307085,0
307086,0
307087,0
307088,0
307089,0
307090,0
307091,0
307092,0
307093,0
307094,0
307095,0
307096,0
307097,0
307098,0
307099,0
307100,0
307101,0
307102,0
307103,0
307104,0
307105,0
307106,0
307107,0
307108,0
307109,0
307110,0
307111,0
307112,0
307113,0
307114,0
307115,0
307116,0
307117,0
307118,0
307119,0
307120,0
307121,0
307122,0
307123,0
307124,0
307125,0
307126,0
307127,0
307128,0
307129,0
307130,0
307131,0
307132,0
307133,0
307134,0
307135,0
307136,0
307137,0
307138,0
307139,0
307140,0
307141,0
307142,0
307143,0
307144,0
307145,0
307146,0
307147,0
307148,0
307149,0
307150,0
307151,0
307152,0
307153,0
307154,0
307155,0
307156,0
307157,0
307158,0
307159,0
307160,0
307161,0
307162,0
307163,0
307164,0
307165,0
307166,0
307167,0
307168,0
307169,0
307170,0
307171,0
307172,0
307173,0
307174,0
307175,0
307176,0
307177,0
307178,0
307179,0
307180,0
307181,0
307182,0
307183,0
307184,0
307185,0
307186,0
307187,0
307188,0
307189,0
307190,0
307191,0
307192,0
307193,0
307194,0
307195,0
307196,0
307197,0
307198,0
307199,0
307200,0
307201,0
307202,0
307203,0
307204,0
307205,0
307206,0
307207,0
307208,0
307209,0
307210,0
307211,0
307212,0
307213,0
307214,0
307215,0
307216,0
307217,0
307218,0
307219,0
307220,0
307221,0
307222,0
307223,0
307224,0
307225,0
307226,0
307227,0
307228,0
307229,0
307230,0
307231,0
307232,0
307233,0
307234,0
307235,0
307236,0
307237,0
307238,0
307239,0
307240,0
307241,0
307242,0
307243,0
307244,0
307245,0
307246,0
307247,0
307248,0
307249,0
307250,0
307251,0
307252,0
307253,0
307254,0
307255,0
307256,0
307257,0
307258,0
307259,0
307260,0
307261,0
307262,0
307263,0
307264,0
307265,0
307266,0
307267,0
307268,0
307269,0
307270,0
307271,0
307272,0
307273,0
307274,0
307275,0
307276,0
307277,0
307278,0
307279,0
307280,0
307281,0
307282,0
307283,0
307284,0
307285,0
307286,0
307287,0
307288,0
307289,0
307290,0
307291,0
307292,0
307293,0
307294,0
307295,0
307296,0
307297,0
307298,0
307299,0
307300,0
307301,0
307302,0
307303,0
307304,0
307305,0
307306,0
307307,0
307308,0
307309,0
307310,0
307311,0
307312,0
307313,0
307314,0
307315,0
307316,0
307317,0
307318,0
307319,0
307320,0
307321,0
307322,0
307323,0
307324,0
307325,0
307326,0
307327,0
307328,0
307329,0
307330,0
307331,0
307332,0
307333,0
307334,0
307335,0
307336,0
307337,0
307338,0
307339,0
307340,0
307341,0
307342,0
307343,0
307344,0
307345,0
307346,0
307347,0
307348,0
307349,0
307350,0
307351,0
307352,0
307353,0
307354,0
307355,0
307356,0
307357,0
307358,0
307359,0
307360,0
307361,0
307362,0
307363,0
307364,0
307365,0
307366,0
307367,0
307368,0
307369,0
307370,0
307371,0
307372,0
307373,0
307374,0
307375,0
307376,0
307377,0
307378,0
307379,0
307380,0
307381,0
307382,0
307383,0
307384,0
307385,0
307386,0
307387,0
307388,0
307389,0
307390,0
307391,0
307392,0
307393,0
307394,0
307395,0
307396,0
307397,0
307398,0
307399,0
307400,0
307401,0
307402,0
307403,0
307404,0
307405,0
307406,0
307407,0
307408,0
307409,0
307410,0
307411,0
307412,0
307413,0
307414,0
307415,0
307416,0
307417,0
307418,0
307419,0
307420,0
307421,0
307422,0
307423,0
307424,0
307425,0
307426,0
307427,0
307428,0
307429,0
307430,0
307431,0
307432,0
307433,0
307434,0
307435,0
307436,0
307437,0
307438,0
307439,0
307440,0
307441,0
307442,0
307443,0
307444,0
307445,0
307446,0
307447,0
307448,0
307449,0
307450,0
307451,0
307452,0
307453,0
307454,0
307455,0
307456,0
307457,0
307458,0
307459,0
307460,0
307461,0
307462,0
307463,0
307464,0
307465,0
307466,0
307467,0
307468,0
307469,0
307470,0
307471,0
307472,0
307473,0
307474,0
307475,0
307476,0
307477,0
307478,0
307479,0
307480,0
307481,0
307482,0
307483,0
307484,0
307485,0
307486,0
307487,0
307488,0
307489,0
307490,0
307491,0
307492,0
307493,0
307494,0
307495,0
307496,0
307497,0
307498,0
307499,0
307500,0
307501,0
307502,0
307503,0
307504,0
307505,0
307506,0
307507,0
307508,0
307509,0
307510,0
307511,0
307512,0
307513,0
307514,0
307515,0
307516,0
307517,0
307518,0
307519,0
307520,0
307521,0
307522,0
307523,0
307524,0
307525,0
307526,0
307527,0
307528,0
307529,0
307530,0
307531,0
307532,0
307533,0
307534,0
307535,0
307536,0
307537,0
307538,0
307539,0
307540,0
307541,0
307542,0
307543,0
307544,0
307545,0
307546,0
307547,0
307548,0
307549,0
307550,0
307551,0
307552,0
307553,0
307554,0
307555,0
307556,0
307557,0
307558,0
307559,0
307560,0
307561,0
307562,0
307563,0
307564,0
307565,0
307566,0
307567,0
307568,0
307569,0
307570,0
307571,0
307572,0
307573,0
307574,0
307575,0
307576,0
307577,0
307578,0
307579,0
307580,0
307581,0
307582,0
307583,0
307584,0
307585,0
307586,0
307587,0
307588,0
307589,0
307590,0
307591,0
307592,0
307593,0
307594,0
307595,0
307596,0
307597,0
307598,0
307599,0
307600,0
307601,0
307602,0
307603,0
307604,0
307605,0
307606,0
307607,0
307608,0
307609,0
307610,0
307611,0
307612,0
307613,0
307614,0
307615,0
307616,0
307617,0
307618,0
307619,0
307620,0
307621,0
307622,0
307623,0
307624,0
307625,0
307626,0
307627,0
307628,0
307629,0
307630,0
307631,0
307632,0
307633,0
307634,0
307635,0
307636,0
307637,0
307638,0
307639,0
307640,0
307641,0
307642,0
307643,0
307644,0
307645,0
307646,0
307647,0
307648,0
307649,0
307650,0
307651,0
307652,0
307653,0
307654,0
307655,0
307656,0
307657,0
307658,0
307659,0
307660,0
307661,0
307662,0
307663,0
307664,0
307665,0
307666,0
307667,0
307668,0
307669,0
307670,0
307671,0
307672,0
307673,0
307674,0
307675,0
307676,0
307677,0
307678,0
307679,0
307680,0
307681,0
307682,0
307683,0
307684,0
307685,0
307686,0
307687,0
307688,0
307689,0
307690,0
307691,0
307692,0
307693,0
307694,0
307695,0
307696,0
307697,0
307698,0
307699,0
307700,0
307701,0
307702,0
307703,0
307704,0
307705,0
307706,0
307707,0
307708,0
307709,0
307710,0
307711,0
307712,0
307713,0
307714,0
307715,0
307716,0
307717,0
307718,0
307719,0
307720,0
307721,0
307722,0
307723,0
307724,0
307725,0
307726,0
307727,0
307728,0
307729,0
307730,0
307731,0
307732,0
307733,0
307734,0
307735,0
307736,0
307737,0
307738,0
307739,0
307740,0
307741,0
307742,0
307743,0
307744,0
307745,0
307746,0
307747,0
307748,0
307749,0
307750,0
307751,0
307752,0
307753,0
307754,0
307755,0
307756,0
307757,0
307758,0
307759,0
307760,0
307761,0
307762,0
307763,0
307764,0
307765,0
307766,0
307767,0
307768,0
307769,0
307770,0
307771,0
307772,0
307773,0
307774,0
307775,0
307776,0
307777,0
307778,0
307779,0
307780,0
307781,0
307782,0
307783,0
307784,0
307785,0
307786,0
307787,0
307788,0
307789,0
307790,0
307791,0
307792,0
307793,0
307794,0
307795,0
307796,0
307797,0
307798,0
307799,0
307800,0
307801,0
307802,0
307803,0
307804,0
307805,0
307806,0
307807,0
307808,0
307809,0
307810,0
307811,0
307812,0
307813,0
307814,0
307815,0
307816,0
307817,0
307818,0
307819,0
307820,0
307821,0
307822,0
307823,0
307824,0
307825,0
307826,0
307827,0
307828,0
307829,0
307830,0
307831,0
307832,0
307833,0
307834,0
307835,0
307836,0
307837,0
307838,0
307839,0
307840,0
307841,0
307842,0
307843,0
307844,0
307845,0
307846,0
307847,0
307848,0
307849,0
307850,0
307851,0
307852,0
307853,0
307854,0
307855,0
307856,0
307857,0
307858,0
307859,0
307860,0
307861,0
307862,0
307863,0
307864,0
307865,0
307866,0
307867,0
307868,0
307869,0
307870,0
307871,0
307872,0
307873,0
307874,0
307875,0
307876,0
307877,0
307878,0
307879,0
307880,0
307881,0
307882,0
307883,0
307884,0
307885,0
307886,0
307887,0
307888,0
307889,0
307890,0
307891,0
307892,0
307893,0
307894,0
307895,0
307896,0
307897,0
307898,0
307899,0
307900,0
307901,0
307902,0
307903,0
307904,0
307905,0
307906,0
307907,0
307908,0
307909,0
307910,0
307911,0
307912,0
307913,0
307914,0
307915,0
307916,0
307917,0
307918,0
307919,0
307920,0
307921,0
307922,0
307923,0
307924,0
307925,0
307926,0
307927,0
307928,0
307929,0
307930,0
307931,0
307932,0
307933,0
307934,0
307935,0
307936,0
307937,0
307938,0
307939,0
307940,0
307941,0
307942,0
307943,0
307944,0
307945,0
307946,0
307947,0
307948,0
307949,0
307950,0
307951,0
307952,0
307953,0
307954,0
307955,0
307956,0
307957,0
307958,0
307959,0
307960,0
307961,0
307962,0
307963,0
307964,0
307965,0
307966,0
307967,0
307968,0
307969,0
307970,0
307971,0
307972,0
307973,0
307974,0
307975,0
307976,0
307977,0
307978,0
307979,0
307980,0
307981,0
307982,0
307983,0
307984,0
307985,0
307986,0
307987,0
307988,0
307989,0
307990,0
307991,0
307992,0
307993,0
307994,0
307995,0
307996,0
307997,0
307998,0
307999,0
308000,0
308001,0
308002,0
308003,0
308004,0
308005,0
308006,0
308007,0
308008,0
308009,0
308010,0
308011,0
308012,0
308013,0
308014,0
308015,0
308016,0
308017,0
308018,0
308019,0
308020,0
308021,0
308022,0
308023,0
308024,0
308025,0
308026,0
308027,0
308028,0
308029,0
308030,0
308031,0
308032,0
308033,0
308034,0
308035,0
308036,0
308037,0
308038,0
308039,0
308040,0
308041,0
308042,0
308043,0
308044,0
308045,0
308046,0
308047,0
308048,0
308049,0
308050,0
308051,0
308052,0
308053,0
308054,0
308055,0
308056,0
308057,0
308058,0
308059,0
308060,0
308061,0
308062,0
308063,0
308064,0
308065,0
308066,0
308067,0
308068,0
308069,0
308070,0
308071,0
308072,0
308073,0
308074,0
308075,0
308076,0
308077,0
308078,0
308079,0
308080,0
308081,0
308082,0
308083,0
308084,0
308085,0
308086,0
308087,0
308088,0
308089,0
308090,0
308091,0
308092,0
308093,0
308094,0
308095,0
308096,0
308097,0
308098,0
308099,0
308100,0
308101,0
308102,0
308103,0
308104,0
308105,0
308106,0
308107,0
308108,0
308109,0
308110,0
308111,0
308112,0
308113,0
308114,0
308115,0
308116,0
308117,0
308118,0
308119,0
308120,0
308121,0
308122,0
308123,0
308124,0
308125,0
308126,0
308127,0
308128,0
308129,0
308130,0
308131,0
308132,0
308133,0
308134,0
308135,0
308136,0
308137,0
308138,0
308139,0
308140,0
308141,0
308142,0
308143,0
308144,0
308145,0
308146,0
308147,0
308148,0
308149,0
308150,0
308151,0
308152,0
308153,0
308154,0
308155,0
308156,0
308157,0
308158,0
308159,0
308160,0
308161,0
308162,0
308163,0
308164,0
308165,0
308166,0
308167,0
308168,0
308169,0
308170,0
308171,0
308172,0
308173,0
308174,0
308175,0
308176,0
308177,0
308178,0
308179,0
308180,0
308181,0
308182,0
308183,0
308184,0
308185,0
308186,0
308187,0
308188,0
308189,0
308190,0
308191,0
308192,0
308193,0
308194,0
308195,0
308196,0
308197,0
308198,0
308199,0
308200,0
308201,0
308202,0
308203,0
308204,0
308205,0
308206,0
308207,0
308208,0
308209,0
308210,0
308211,0
308212,0
308213,0
308214,0
308215,0
308216,0
308217,0
308218,0
308219,0
308220,0
308221,0
308222,0
308223,0
308224,0
308225,0
308226,0
308227,0
308228,0
308229,0
308230,0
308231,0
308232,0
308233,0
308234,0
308235,0
308236,0
308237,0
308238,0
308239,0
308240,0
308241,0
308242,0
308243,0
308244,0
308245,0
308246,0
308247,0
308248,0
308249,0
308250,0
308251,0
308252,0
308253,0
308254,0
308255,0
308256,0
308257,0
308258,0
308259,0
308260,0
308261,0
308262,0
308263,0
308264,0
308265,0
308266,0
308267,0
308268,0
308269,0
308270,0
308271,0
308272,0
308273,0
308274,0
308275,0
308276,0
308277,0
308278,0
308279,0
308280,0
308281,0
308282,0
308283,0
308284,0
308285,0
308286,0
308287,0
308288,0
308289,0
308290,0
308291,0
308292,0
308293,0
308294,0
308295,0
308296,0
308297,0
308298,0
308299,0
308300,0
308301,0
308302,0
308303,0
308304,0
308305,0
308306,0
308307,0
308308,0
308309,0
308310,0
308311,0
308312,0
308313,0
308314,0
308315,0
308316,0
308317,0
308318,0
308319,0
308320,0
308321,0
308322,0
308323,0
308324,0
308325,0
308326,0
308327,0
308328,0
308329,0
308330,0
308331,0
308332,0
308333,0
308334,0
308335,0
308336,0
308337,0
308338,0
308339,0
308340,0
308341,0
308342,0
308343,0
308344,0
308345,0
308346,0
308347,0
308348,0
308349,0
308350,0
308351,0
308352,0
308353,0
308354,0
308355,0
308356,0
308357,0
308358,0
308359,0
308360,0
308361,0
308362,0
308363,0
308364,0
308365,0
308366,0
308367,0
308368,0
308369,0
308370,0
308371,0
308372,0
308373,0
308374,0
308375,0
308376,0
308377,0
308378,0
308379,0
308380,0
308381,0
308382,0
308383,0
308384,0
308385,0
308386,0
308387,0
308388,0
308389,0
308390,0
308391,0
308392,0
308393,0
308394,0
308395,0
308396,0
308397,0
308398,0
308399,0
308400,0
308401,0
308402,0
308403,0
308404,0
308405,0
308406,0
308407,0
308408,0
308409,0
308410,0
308411,0
308412,0
308413,0
308414,0
308415,0
308416,0
308417,0
308418,0
308419,0
308420,0
308421,0
308422,0
308423,0
308424,0
308425,0
308426,0
308427,0
308428,0
308429,0
308430,0
308431,0
308432,0
308433,0
308434,0
308435,0
308436,0
308437,0
308438,0
308439,0
308440,0
308441,0
308442,0
308443,0
308444,0
308445,0
308446,0
308447,0
308448,0
308449,0
308450,0
308451,0
308452,0
308453,0
308454,0
308455,0
308456,0
308457,0
308458,0
308459,0
308460,0
308461,0
308462,0
308463,0
308464,0
308465,0
308466,0
308467,0
308468,0
308469,0
308470,0
308471,0
308472,0
308473,0
308474,0
308475,0
308476,0
308477,0
308478,0
308479,0
308480,0
308481,0
308482,0
308483,0
308484,0
308485,0
308486,0
308487,0
308488,0
308489,0
308490,0
308491,0
308492,0
308493,0
308494,0
308495,0
308496,0
308497,0
308498,0
308499,0
308500,0
308501,0
308502,0
308503,0
308504,0
308505,0
308506,0
308507,0
308508,0
308509,0
308510,0
308511,0
308512,0
308513,0
308514,0
308515,0
308516,0
308517,0
308518,0
308519,0
308520,0
308521,0
308522,0
308523,0
308524,0
308525,0
308526,0
308527,0
308528,0
308529,0
308530,0
308531,0
308532,0
308533,0
308534,0
308535,0
308536,0
308537,0
308538,0
308539,0
308540,0
308541,0
308542,0
308543,0
308544,0
308545,0
308546,0
308547,0
308548,0
308549,0
308550,0
308551,0
308552,0
308553,0
308554,0
308555,0
308556,0
308557,0
308558,0
308559,0
308560,0
308561,0
308562,0
308563,0
308564,0
308565,0
308566,0
308567,0
308568,0
308569,0
308570,0
308571,0
308572,0
308573,0
308574,0
308575,0
308576,0
308577,0
308578,0
308579,0
308580,0
308581,0
308582,0
308583,0
308584,0
308585,0
308586,0
308587,0
308588,0
308589,0
308590,0
308591,0
308592,0
308593,0
308594,0
308595,0
308596,0
308597,0
308598,0
308599,0
308600,0
308601,0
308602,0
308603,0
308604,0
308605,0
308606,0
308607,0
308608,0
308609,0
308610,0
308611,0
308612,0
308613,0
308614,0
308615,0
308616,0
308617,0
308618,0
308619,0
308620,0
308621,0
308622,0
308623,0
308624,0
308625,0
308626,0
308627,0
308628,0
308629,0
308630,0
308631,0
308632,0
308633,0
308634,0
308635,0
308636,0
308637,0
308638,0
308639,0
308640,0
308641,0
308642,0
308643,0
308644,0
308645,0
308646,0
308647,0
308648,0
308649,0
308650,0
308651,0
308652,0
308653,0
308654,0
308655,0
308656,0
308657,0
308658,0
308659,0
308660,0
308661,0
308662,0
308663,0
308664,0
308665,0
308666,0
308667,0
308668,0
308669,0
308670,0
308671,0
308672,0
308673,0
308674,0
308675,0
308676,0
308677,0
308678,0
308679,0
308680,0
308681,0
308682,0
308683,0
308684,0
308685,0
308686,0
308687,0
308688,0
308689,0
308690,0
308691,0
308692,0
308693,0
308694,0
308695,0
308696,0
308697,0
308698,0
308699,0
308700,0
308701,0
308702,0
308703,0
308704,0
308705,0
308706,0
308707,0
308708,0
308709,0
308710,0
308711,0
308712,0
308713,0
308714,0
308715,0
308716,0
308717,0
308718,0
308719,0
308720,0
308721,0
308722,0
308723,0
308724,0
308725,0
308726,0
308727,0
308728,0
308729,0
308730,0
308731,0
308732,0
308733,0
308734,0
308735,0
308736,0
308737,0
308738,0
308739,0
308740,0
308741,0
308742,0
308743,0
308744,0
308745,0
308746,0
308747,0
308748,0
308749,0
308750,0
308751,0
308752,0
308753,0
308754,0
308755,0
308756,0
308757,0
308758,0
308759,0
308760,0
308761,0
308762,0
308763,0
308764,0
308765,0
308766,0
308767,0
308768,0
308769,0
308770,0
308771,0
308772,0
308773,0
308774,0
308775,0
308776,0
308777,0
308778,0
308779,0
308780,0
308781,0
308782,0
308783,0
308784,0
308785,0
308786,0
308787,0
308788,0
308789,0
308790,0
308791,0
308792,0
308793,0
308794,0
308795,0
308796,0
308797,0
308798,0
308799,0
308800,0
308801,0
308802,0
308803,0
308804,0
308805,0
308806,0
308807,0
308808,0
308809,0
308810,0
308811,0
308812,0
308813,0
308814,0
308815,0
308816,0
308817,0
308818,0
308819,0
308820,0
308821,0
308822,0
308823,0
308824,0
308825,0
308826,0
308827,0
308828,0
308829,0
308830,0
308831,0
308832,0
308833,0
308834,0
308835,0
308836,0
308837,0
308838,0
308839,0
308840,0
308841,0
308842,0
308843,0
308844,0
308845,0
308846,0
308847,0
308848,0
308849,0
308850,0
308851,0
308852,0
308853,0
308854,0
308855,0
308856,0
308857,0
308858,0
308859,0
308860,0
308861,0
308862,0
308863,0
308864,0
308865,0
308866,0
308867,0
308868,0
308869,0
308870,0
308871,0
308872,0
308873,0
308874,0
308875,0
308876,0
308877,0
308878,0
308879,0
308880,0
308881,0
308882,0
308883,0
308884,0
308885,0
308886,0
308887,0
308888,0
308889,0
308890,0
308891,0
308892,0
308893,0
308894,0
308895,0
308896,0
308897,0
308898,0
308899,0
308900,0
308901,0
308902,0
308903,0
308904,0
308905,0
308906,0
308907,0
308908,0
308909,0
308910,0
308911,0
308912,0
308913,0
308914,0
308915,0
308916,0
308917,0
308918,0
308919,0
308920,0
308921,0
308922,0
308923,0
308924,0
308925,0
308926,0
308927,0
308928,0
308929,0
308930,0
308931,0
308932,0
308933,0
308934,0
308935,0
308936,0
308937,0
308938,0
308939,0
308940,0
308941,0
308942,0
308943,0
308944,0
308945,0
308946,0
308947,0
308948,0
308949,0
308950,0
308951,0
308952,0
308953,0
308954,0
308955,0
308956,0
308957,0
308958,0
308959,0
308960,0
308961,0
308962,0
308963,0
308964,0
308965,0
308966,0
308967,0
308968,0
308969,0
308970,0
308971,0
308972,0
308973,0
308974,0
308975,0
308976,0
308977,0
308978,0
308979,0
308980,0
308981,0
308982,0
308983,0
308984,0
308985,0
308986,0
308987,0
308988,0
308989,0
308990,0
308991,0
308992,0
308993,0
308994,0
308995,0
308996,0
308997,0
308998,0
308999,0
309000,0
309001,0
309002,0
309003,0
309004,0
309005,0
309006,0
309007,0
309008,0
309009,0
309010,0
309011,0
309012,0
309013,0
309014,0
309015,0
309016,0
309017,0
309018,0
309019,0
309020,0
309021,0
309022,0
309023,0
309024,0
309025,0
309026,0
309027,0
309028,0
309029,0
309030,0
309031,0
309032,0
309033,0
309034,0
309035,0
309036,0
309037,0
309038,0
309039,0
309040,0
309041,0
309042,0
309043,0
309044,0
309045,0
309046,0
309047,0
309048,0
309049,0
309050,0
309051,0
309052,0
309053,0
309054,0
309055,0
309056,0
309057,0
309058,0
309059,0
309060,0
309061,0
309062,0
309063,0
309064,0
309065,0
309066,0
309067,0
309068,0
309069,0
309070,0
309071,0
309072,0
309073,0
309074,0
309075,0
309076,0
309077,0
309078,0
309079,0
309080,0
309081,0
309082,0
309083,0
309084,0
309085,0
309086,0
309087,0
309088,0
309089,0
309090,0
309091,0
309092,0
309093,0
309094,0
309095,0
309096,0
309097,0
309098,0
309099,0
309100,0
309101,0
309102,0
309103,0
309104,0
309105,0
309106,0
309107,0
309108,0
309109,0
309110,0
309111,0
309112,0
309113,0
309114,0
309115,0
309116,0
309117,0
309118,0
309119,0
309120,0
309121,0
309122,0
309123,0
309124,0
309125,0
309126,0
309127,0
309128,0
309129,0
309130,0
309131,0
309132,0
309133,0
309134,0
309135,0
309136,0
309137,0
309138,0
309139,0
309140,0
309141,0
309142,0
309143,0
309144,0
309145,0
309146,0
309147,0
309148,0
309149,0
309150,0
309151,0
309152,0
309153,0
309154,0
309155,0
309156,0
309157,0
309158,0
309159,0
309160,0
309161,0
309162,0
309163,0
309164,0
309165,0
309166,0
309167,0
309168,0
309169,0
309170,0
309171,0
309172,0
309173,0
309174,0
309175,0
309176,0
309177,0
309178,0
309179,0
309180,0
309181,0
309182,0
309183,0
309184,0
309185,0
309186,0
309187,0
309188,0
309189,0
309190,0
309191,0
309192,0
309193,0
309194,0
309195,0
309196,0
309197,0
309198,0
309199,0
309200,0
309201,0
309202,0
309203,0
309204,0
309205,0
309206,0
309207,0
309208,0
309209,0
309210,0
309211,0
309212,0
309213,0
309214,0
309215,0
309216,0
309217,0
309218,0
309219,0
309220,0
309221,0
309222,0
309223,0
309224,0
309225,0
309226,0
309227,0
309228,0
309229,0
309230,0
309231,0
309232,0
309233,0
309234,0
309235,0
309236,0
309237,0
309238,0
309239,0
309240,0
309241,0
309242,0
309243,0
309244,0
309245,0
309246,0
309247,0
309248,0
309249,0
309250,0
309251,0
309252,0
309253,0
309254,0
309255,0
309256,0
309257,0
309258,0
309259,0
309260,0
309261,0
309262,0
309263,0
309264,0
309265,0
309266,0
309267,0
309268,0
309269,0
309270,0
309271,0
309272,0
309273,0
309274,0
309275,0
309276,0
309277,0
309278,0
309279,0
309280,0
309281,0
309282,0
309283,0
309284,0
309285,0
309286,0
309287,0
309288,0
309289,0
309290,0
309291,0
309292,0
309293,0
309294,0
309295,0
309296,0
309297,0
309298,0
309299,0
309300,0
309301,0
309302,0
309303,0
309304,0
309305,0
309306,0
309307,0
309308,0
309309,0
309310,0
309311,0
309312,0
309313,0
309314,0
309315,0
309316,0
309317,0
309318,0
309319,0
309320,0
309321,0
309322,0
309323,0
309324,0
309325,0
309326,0
309327,0
309328,0
309329,0
309330,0
309331,0
309332,0
309333,0
309334,0
309335,0
309336,0
309337,0
309338,0
309339,0
309340,0
309341,0
309342,0
309343,0
309344,0
309345,0
309346,0
309347,0
309348,0
309349,0
309350,0
309351,0
309352,0
309353,0
309354,0
309355,0
309356,0
309357,0
309358,0
309359,0
309360,0
309361,0
309362,0
309363,0
309364,0
309365,0
309366,0
309367,0
309368,0
309369,0
309370,0
309371,0
309372,0
309373,0
309374,0
309375,0
309376,0
309377,0
309378,0
309379,0
309380,0
309381,0
309382,0
309383,0
309384,0
309385,0
309386,0
309387,0
309388,0
309389,0
309390,0
309391,0
309392,0
309393,0
309394,0
309395,0
309396,0
309397,0
309398,0
309399,0
309400,0
309401,0
309402,0
309403,0
309404,0
309405,0
309406,0
309407,0
309408,0
309409,0
309410,0
309411,0
309412,0
309413,0
309414,0
309415,0
309416,0
309417,0
309418,0
309419,0
309420,0
309421,0
309422,0
309423,0
309424,0
309425,0
309426,0
309427,0
309428,0
309429,0
309430,0
309431,0
309432,0
309433,0
309434,0
309435,0
309436,0
309437,0
309438,0
309439,0
309440,0
309441,0
309442,0
309443,0
309444,0
309445,0
309446,0
309447,0
309448,0
309449,0
309450,0
309451,0
309452,0
309453,0
309454,0
309455,0
309456,0
309457,0
309458,0
309459,0
309460,0
309461,0
309462,0
309463,0
309464,0
309465,0
309466,0
309467,0
309468,0
309469,0
309470,0
309471,0
309472,0
309473,0
309474,0
309475,0
309476,0
309477,0
309478,0
309479,0
309480,0
309481,0
309482,0
309483,0
309484,0
309485,0
309486,0
309487,0
309488,0
309489,0
309490,0
309491,0
309492,0
309493,0
309494,0
309495,0
309496,0
309497,0
309498,0
309499,0
309500,0
309501,0
309502,0
309503,0
309504,0
309505,0
309506,0
309507,0
309508,0
309509,0
309510,0
309511,0
309512,0
309513,0
309514,0
309515,0
309516,0
309517,0
309518,0
309519,0
309520,0
309521,0
309522,0
309523,0
309524,0
309525,0
309526,0
309527,0
309528,0
309529,0
309530,0
309531,0
309532,0
309533,0
309534,0
309535,0
309536,0
309537,0
309538,0
309539,0
309540,0
309541,0
309542,0
309543,0
309544,0
309545,0
309546,0
309547,0
309548,0
309549,0
309550,0
309551,0
309552,0
309553,0
309554,0
309555,0
309556,0
309557,0
309558,0
309559,0
309560,0
309561,0
309562,0
309563,0
309564,0
309565,0
309566,0
309567,0
309568,0
309569,0
309570,0
309571,0
309572,0
309573,0
309574,0
309575,0
309576,0
309577,0
309578,0
309579,0
309580,0
309581,0
309582,0
309583,0
309584,0
309585,0
309586,0
309587,0
309588,0
309589,0
309590,0
309591,0
309592,0
309593,0
309594,0
309595,0
309596,0
309597,0
309598,0
309599,0
309600,0
309601,0
309602,0
309603,0
309604,0
309605,0
309606,0
309607,0
309608,0
309609,0
309610,0
309611,0
309612,0
309613,0
309614,0
309615,0
309616,0
309617,0
309618,0
309619,0
309620,0
309621,0
309622,0
309623,0
309624,0
309625,0
309626,0
309627,0
309628,0
309629,0
309630,0
309631,0
309632,0
309633,0
309634,0
309635,0
309636,0
309637,0
309638,0
309639,0
309640,0
309641,0
309642,0
309643,0
309644,0
309645,0
309646,0
309647,0
309648,0
309649,0
309650,0
309651,0
309652,0
309653,0
309654,0
309655,0
309656,0
309657,0
309658,0
309659,0
309660,0
309661,0
309662,0
309663,0
309664,0
309665,0
309666,0
309667,0
309668,0
309669,0
309670,0
309671,0
309672,0
309673,0
309674,0
309675,0
309676,0
309677,0
309678,0
309679,0
309680,0
309681,0
309682,0
309683,0
309684,0
309685,0
309686,0
309687,0
309688,0
309689,0
309690,0
309691,0
309692,0
309693,0
309694,0
309695,0
309696,0
309697,0
309698,0
309699,0
309700,0
309701,0
309702,0
309703,0
309704,0
309705,0
309706,0
309707,0
309708,0
309709,0
309710,0
309711,0
309712,0
309713,0
309714,0
309715,0
309716,0
309717,0
309718,0
309719,0
309720,0
309721,0
309722,0
309723,0
309724,0
309725,0
309726,0
309727,0
309728,0
309729,0
309730,0
309731,0
309732,0
309733,0
309734,0
309735,0
309736,0
309737,0
309738,0
309739,0
309740,0
309741,0
309742,0
309743,0
309744,0
309745,0
309746,0
309747,0
309748,0
309749,0
309750,0
309751,0
309752,0
309753,0
309754,0
309755,0
309756,0
309757,0
309758,0
309759,0
309760,0
309761,0
309762,0
309763,0
309764,0
309765,0
309766,0
309767,0
309768,0
309769,0
309770,0
309771,0
309772,0
309773,0
309774,0
309775,0
309776,0
309777,0
309778,0
309779,0
309780,0
309781,0
309782,0
309783,0
309784,0
309785,0
309786,0
309787,0
309788,0
309789,0
309790,0
309791,0
309792,0
309793,0
309794,0
309795,0
309796,0
309797,0
309798,0
309799,0
309800,0
309801,0
309802,0
309803,0
309804,0
309805,0
309806,0
309807,0
309808,0
309809,0
309810,0
309811,0
309812,0
309813,0
309814,0
309815,0
309816,0
309817,0
309818,0
309819,0
309820,0
309821,0
309822,0
309823,0
309824,0
309825,0
309826,0
309827,0
309828,0
309829,0
309830,0
309831,0
309832,0
309833,0
309834,0
309835,0
309836,0
309837,0
309838,0
309839,0
309840,0
309841,0
309842,0
309843,0
309844,0
309845,0
309846,0
309847,0
309848,0
309849,0
309850,0
309851,0
309852,0
309853,0
309854,0
309855,0
309856,0
309857,0
309858,0
309859,0
309860,0
309861,0
309862,0
309863,0
309864,0
309865,0
309866,0
309867,0
309868,0
309869,0
309870,0
309871,0
309872,0
309873,0
309874,0
309875,0
309876,0
309877,0
309878,0
309879,0
309880,0
309881,0
309882,0
309883,0
309884,0
309885,0
309886,0
309887,0
309888,0
309889,0
309890,0
309891,0
309892,0
309893,0
309894,0
309895,0
309896,0
309897,0
309898,0
309899,0
309900,0
309901,0
309902,0
309903,0
309904,0
309905,0
309906,0
309907,0
309908,0
309909,0
309910,0
309911,0
309912,0
309913,0
309914,0
309915,0
309916,0
309917,0
309918,0
309919,0
309920,0
309921,0
309922,0
309923,0
309924,0
309925,0
309926,0
309927,0
309928,0
309929,0
309930,0
309931,0
309932,0
309933,0
309934,0
309935,0
309936,0
309937,0
309938,0
309939,0
309940,0
309941,0
309942,0
309943,0
309944,0
309945,0
309946,0
309947,0
309948,0
309949,0
309950,0
309951,0
309952,0
309953,0
309954,0
309955,0
309956,0
309957,0
309958,0
309959,0
309960,0
309961,0
309962,0
309963,0
309964,0
309965,0
309966,0
309967,0
309968,0
309969,0
309970,0
309971,0
309972,0
309973,0
309974,0
309975,0
309976,0
309977,0
309978,0
309979,0
309980,0
309981,0
309982,0
309983,0
309984,0
309985,0
309986,0
309987,0
309988,0
309989,0
309990,0
309991,0
309992,0
309993,0
309994,0
309995,0
309996,0
309997,0
309998,0
309999,0
310000,0
310001,0
310002,0
310003,0
310004,0
310005,0
310006,0
310007,0
310008,0
310009,0
310010,0
310011,0
310012,0
310013,0
310014,0
310015,0
310016,0
310017,0
310018,0
310019,0
310020,0
310021,0
310022,0
310023,0
310024,0
310025,0
310026,0
310027,0
310028,0
310029,0
310030,0
310031,0
310032,0
310033,0
310034,0
310035,0
310036,0
310037,0
310038,0
310039,0
310040,0
310041,0
310042,0
310043,0
310044,0
310045,0
310046,0
310047,0
310048,0
310049,0
310050,0
310051,0
310052,0
310053,0
310054,0
310055,0
310056,0
310057,0
310058,0
310059,0
310060,0
310061,0
310062,0
310063,0
310064,0
310065,0
310066,0
310067,0
310068,0
310069,0
310070,0
310071,0
310072,0
310073,0
310074,0
310075,0
310076,0
310077,0
310078,0
310079,0
310080,0
310081,0
310082,0
310083,0
310084,0
310085,0
310086,0
310087,0
310088,0
310089,0
310090,0
310091,0
310092,0
310093,0
310094,0
310095,0
310096,0
310097,0
310098,0
310099,0
310100,0
310101,0
310102,0
310103,0
310104,0
310105,0
310106,0
310107,0
310108,0
310109,0
310110,0
310111,0
310112,0
310113,0
310114,0
310115,0
310116,0
310117,0
310118,0
310119,0
310120,0
310121,0
310122,0
310123,0
310124,0
310125,0
310126,0
310127,0
310128,0
310129,0
310130,0
310131,0
310132,0
310133,0
310134,0
310135,0
310136,0
310137,0
310138,0
310139,0
310140,0
310141,0
310142,0
310143,0
310144,0
310145,0
310146,0
310147,0
310148,0
310149,0
310150,0
310151,0
310152,0
310153,0
310154,0
310155,0
310156,0
310157,0
310158,0
310159,0
310160,0
310161,0
310162,0
310163,0
310164,0
310165,0
310166,0
310167,0
310168,0
310169,0
310170,0
310171,0
310172,0
310173,0
310174,0
310175,0
310176,0
310177,0
310178,0
310179,0
310180,0
310181,0
310182,0
310183,0
310184,0
310185,0
310186,0
310187,0
310188,0
310189,0
310190,0
310191,0
310192,0
310193,0
310194,0
310195,0
310196,0
310197,0
310198,0
310199,0
310200,0
310201,0
310202,0
310203,0
310204,0
310205,0
310206,0
310207,0
310208,0
310209,0
310210,0
310211,0
310212,0
310213,0
310214,0
310215,0
310216,0
310217,0
310218,0
310219,0
310220,0
310221,0
310222,0
310223,0
310224,0
310225,0
310226,0
310227,0
310228,0
310229,0
310230,0
310231,0
310232,0
310233,0
310234,0
310235,0
310236,0
310237,0
310238,0
310239,0
310240,0
310241,0
310242,0
310243,0
310244,0
310245,0
310246,0
310247,0
310248,0
310249,0
310250,0
310251,0
310252,0
310253,0
310254,0
310255,0
310256,0
310257,0
310258,0
310259,0
310260,0
310261,0
310262,0
310263,0
310264,0
310265,0
310266,0
310267,0
310268,0
310269,0
310270,0
310271,0
310272,0
310273,0
310274,0
310275,0
310276,0
310277,0
310278,0
310279,0
310280,0
310281,0
310282,0
310283,0
310284,0
310285,0
310286,0
310287,0
310288,0
310289,0
310290,0
310291,0
310292,0
310293,0
310294,0
310295,0
310296,0
310297,0
310298,0
310299,0
310300,0
310301,0
310302,0
310303,0
310304,0
310305,0
310306,0
310307,0
310308,0
310309,0
310310,0
310311,0
310312,0
310313,0
310314,0
310315,0
310316,0
310317,0
310318,0
310319,0
310320,0
310321,0
310322,0
310323,0
310324,0
310325,0
310326,0
310327,0
310328,0
310329,0
310330,0
310331,0
310332,0
310333,0
310334,0
310335,0
310336,0
310337,0
310338,0
310339,0
310340,0
310341,0
310342,0
310343,0
310344,0
310345,0
310346,0
310347,0
310348,0
310349,0
310350,0
310351,0
310352,0
310353,0
310354,0
310355,0
310356,0
310357,0
310358,0
310359,0
310360,0
310361,0
310362,0
310363,0
310364,0
310365,0
310366,0
310367,0
310368,0
310369,0
310370,0
310371,0
310372,0
310373,0
310374,0
310375,0
310376,0
310377,0
310378,0
310379,0
310380,0
310381,0
310382,0
310383,0
310384,0
310385,0
310386,0
310387,0
310388,0
310389,0
310390,0
310391,0
310392,0
310393,0
310394,0
310395,0
310396,0
310397,0
310398,0
310399,0
310400,0
310401,0
310402,0
310403,0
310404,0
310405,0
310406,0
310407,0
310408,0
310409,0
310410,0
310411,0
310412,0
310413,0
310414,0
310415,0
310416,0
310417,0
310418,0
310419,0
310420,0
310421,0
310422,0
310423,0
310424,0
310425,0
310426,0
310427,0
310428,0
310429,0
310430,0
310431,0
310432,0
310433,0
310434,0
310435,0
310436,0
310437,0
310438,0
310439,0
310440,0
310441,0
310442,0
310443,0
310444,0
310445,0
310446,0
310447,0
310448,0
310449,0
310450,0
310451,0
310452,0
310453,0
310454,0
310455,0
310456,0
310457,0
310458,0
310459,0
310460,0
310461,0
310462,0
310463,0
310464,0
310465,0
310466,0
310467,0
310468,0
310469,0
310470,0
310471,0
310472,0
310473,0
310474,0
310475,0
310476,0
310477,0
310478,0
310479,0
310480,0
310481,0
310482,0
310483,0
310484,0
310485,0
310486,0
310487,0
310488,0
310489,0
310490,0
310491,0
310492,0
310493,0
310494,0
310495,0
310496,0
310497,0
310498,0
310499,0
310500,0
310501,0
310502,0
310503,0
310504,0
310505,0
310506,0
310507,0
310508,0
310509,0
310510,0
310511,0
310512,0
310513,0
310514,0
310515,0
310516,0
310517,0
310518,0
310519,0
310520,0
310521,0
310522,0
310523,0
310524,0
310525,0
310526,0
310527,0
310528,0
310529,0
310530,0
310531,0
310532,0
310533,0
310534,0
310535,0
310536,0
310537,0
310538,0
310539,0
310540,0
310541,0
310542,0
310543,0
310544,0
310545,0
310546,0
310547,0
310548,0
310549,0
310550,0
310551,0
310552,0
310553,0
310554,0
310555,0
310556,0
310557,0
310558,0
310559,0
310560,0
310561,0
310562,0
310563,0
310564,0
310565,0
310566,0
310567,0
310568,0
310569,0
310570,0
310571,0
310572,0
310573,0
310574,0
310575,0
310576,0
310577,0
310578,0
310579,0
310580,0
310581,0
310582,0
310583,0
310584,0
310585,0
310586,0
310587,0
310588,0
310589,0
310590,0
310591,0
310592,0
310593,0
310594,0
310595,0
310596,0
310597,0
310598,0
310599,0
310600,0
310601,0
310602,0
310603,0
310604,0
310605,0
310606,0
310607,0
310608,0
310609,0
310610,0
310611,0
310612,0
310613,0
310614,0
310615,0
310616,0
310617,0
310618,0
310619,0
310620,0
310621,0
310622,0
310623,0
310624,0
310625,0
310626,0
310627,0
310628,0
310629,0
310630,0
310631,0
310632,0
310633,0
310634,0
310635,0
310636,0
310637,0
310638,0
310639,0
310640,0
310641,0
310642,0
310643,0
310644,0
310645,0
310646,0
310647,0
310648,0
310649,0
310650,0
310651,0
310652,0
310653,0
310654,0
310655,0
310656,0
310657,0
310658,0
310659,0
310660,0
310661,0
310662,0
310663,0
310664,0
310665,0
310666,0
310667,0
310668,0
310669,0
310670,0
310671,0
310672,0
310673,0
310674,0
310675,0
310676,0
310677,0
310678,0
310679,0
310680,0
310681,0
310682,0
310683,0
310684,0
310685,0
310686,0
310687,0
310688,0
310689,0
310690,0
310691,0
310692,0
310693,0
310694,0
310695,0
310696,0
310697,0
310698,0
310699,0
310700,0
310701,0
310702,0
310703,0
310704,0
310705,0
310706,0
310707,0
310708,0
310709,0
310710,0
310711,0
310712,0
310713,0
310714,0
310715,0
310716,0
310717,0
310718,0
310719,0
310720,0
310721,0
310722,0
310723,0
310724,0
310725,0
310726,0
310727,0
310728,0
310729,0
310730,0
310731,0
310732,0
310733,0
310734,0
310735,0
310736,0
310737,0
310738,0
310739,0
310740,0
310741,0
310742,0
310743,0
310744,0
310745,0
310746,0
310747,0
310748,0
310749,0
310750,0
310751,0
310752,0
310753,0
310754,0
310755,0
310756,0
310757,0
310758,0
310759,0
310760,0
310761,0
310762,0
310763,0
310764,0
310765,0
310766,0
310767,0
310768,0
310769,0
310770,0
310771,0
310772,0
310773,0
310774,0
310775,0
310776,0
310777,0
310778,0
310779,0
310780,0
310781,0
310782,0
310783,0
310784,0
310785,0
310786,0
310787,0
310788,0
310789,0
310790,0
310791,0
310792,0
310793,0
310794,0
310795,0
310796,0
310797,0
310798,0
310799,0
310800,0
310801,0
310802,0
310803,0
310804,0
310805,0
310806,0
310807,0
310808,0
310809,0
310810,0
310811,0
310812,0
310813,0
310814,0
310815,0
310816,0
310817,0
310818,0
310819,0
310820,0
310821,0
310822,0
310823,0
310824,0
310825,0
310826,0
310827,0
310828,0
310829,0
310830,0
310831,0
310832,0
310833,0
310834,0
310835,0
310836,0
310837,0
310838,0
310839,0
310840,0
310841,0
310842,0
310843,0
310844,0
310845,0
310846,0
310847,0
310848,0
310849,0
310850,0
310851,0
310852,0
310853,0
310854,0
310855,0
310856,0
310857,0
310858,0
